Date,AAOI,AMAT,AMZN,ANET,APLD,ASML,ASX,CDNS,CLS,COHR,CRWV,CSCO,DELL,ETN,FLEX,FN,GEV,GFS,GLW,GOOGL,HPE,INTC,IREN,JBL,LIN,LITE,LRCX,LUMN,META,MOD,MPWR,MTSI,MU,NBIS,NVDA,NVT,ONTO,ORCL,RMBS,SMCI,SNDK,SOXX,SPY,STX,TSM,TTMI,VICR,VRT,WDC,AAPL,CRDO,KLAC,TXN,MSFT,QCOM,SIMO,ADI,ALAB,AMD,AMKR,ARM,AVGO,CORZ,MRVL,NVTS,ON,POWI,SNPS,STM,VSH,WOLF,APH,CEG,TER,QQQ
2026-01-02,39.59999847412109,268.20166015625,226.5,133.60000610351562,28.11000061035156,1159.7139892578125,16.860000610351562,310.3999938964844,302.3999938964844,194.3300018310547,79.31999969482422,75.63018798828125,126.85083770751952,325.393310546875,63.68000030517578,479.4200134277344,678.6396484375,36.869998931884766,90.3625946044922,314.7403259277344,24.0151481628418,39.380001068115234,42.70000076293945,240.2602081298828,426.3253173828125,386.1099853515625,184.8385467529297,7.690000057220459,649.8535766601562,140.80999755859375,934.4417724609376,174.9600067138672,315.2875671386719,89.94999694824219,188.6199493408203,106.46210479736328,165.8699951171875,194.51467895507807,99.27999877929688,30.959999084472656,275.239990234375,313.4968566894531,681.309326171875,287.039306640625,318.7119140625,70.61000061035156,116.86000061035156,175.56822204589844,187.56130981445312,270.5074157714844,143.22000122070312,1271.193603515625,175.47718811035156,470.84320068359375,171.24398803710938,93.2123565673828,272.14013671875,179.55999755859375,223.47000122070312,42.78976440429688,114.7300033569336,346.8923034667969,15.989999771118164,89.28103637695312,8.380000114440918,56.70000076293945,37.04281234741211,480.4200134277344,27.29219627380371,15.202628135681152,18.93000030517578,139.43441772460938,365.1924743652344,207.3949279785156,612.347900390625
2026-01-05,34.9900016784668,283.6132507324219,233.0599975585937,137.19000244140625,30.200000762939453,1223.8988037109375,16.959999084472656,301.2200012207031,293.239990234375,186.3600006103516,76.86000061035156,75.17266845703125,123.0889892578125,320.3728942871094,61.75,456.8999938964844,680.4485473632812,37.130001068115234,88.38931274414062,316.1285400390625,23.97540283203125,39.369998931884766,48.2400016784668,223.31936645507807,430.2894592285156,357.04998779296875,194.5269317626953,7.570000171661377,658.2264404296875,140.44000244140625,953.1244506835938,170.75999450683594,312.0189208984375,92.83000183105467,187.89083862304688,106.2528076171875,178.17999267578125,191.4137115478516,97.5,30.06999969482422,274.0799865722656,317.8641662597656,685.846923828125,289.3252868652344,321.3445129394531,67.98999786376953,133.63999938964844,173.90859985351562,187.74118041992188,266.7643737792969,140.24000549316406,1348.97314453125,175.13121032714844,470.7536010742188,174.5405731201172,93.0334014892578,275.6694030761719,167.11000061035156,221.0800018310547,47.98395919799805,116.11000061035156,342.7011413574219,16.729999542236328,90.1200180053711,9.050000190734863,58.68999862670898,37.459922790527344,494.1900024414063,27.332080841064453,15.33188533782959,17.979999542236328,139.6040802001953,353.9151306152344,219.32542419433597,617.2117309570312
2026-01-06,38.61000061035156,295.27423095703125,240.92999267578125,132.5800018310547,30.26000022888184,1237.8499755859375,17.5,314.6400146484375,305.0,194.1100006103516,77.94000244140625,74.82455444335938,123.00958251953124,331.0201721191406,62.04999923706055,479.1700134277344,685.9152221679688,39.40999984741211,88.94740295410156,313.9313659667969,23.637582778930664,40.040000915527344,45.90999984741211,224.25885009765625,434.3230895996094,397.4200134277344,206.7123413085937,8.300000190734863,660.0548706054688,129.97000122070312,1003.3739624023438,171.77000427246094,343.2857666015625,100.23999786376952,187.0119171142578,109.7211456298828,187.259994506836,192.566635131836,97.0,30.540000915527344,349.6300048828125,328.1478271484375,689.92578125,329.8446350097656,326.50994873046875,70.44999694824219,138.9199981689453,174.9083709716797,219.2179107666016,261.8734436035156,132.9499969482422,1391.413818359375,189.889404296875,476.3885192871094,180.6189422607422,104.59547424316406,291.2279357910156,161.00999450683594,214.3500061035156,51.134368896484375,115.52999877929688,343.0503845214844,16.790000915527344,88.12245178222656,10.1899995803833,61.7599983215332,39.40640640258789,508.7699890136719,29.32639503479004,16.465370178222656,19.700000762939453,141.1011199951172,353.5561218261719,228.65798950195312,622.6348876953125
2026-01-07,38.05500030517578,291.47369384765625,241.5599975585937,130.0800018310547,29.559999465942383,1224.1778564453125,17.6200008392334,320.5400085449219,305.8699951171875,191.6199951171875,77.18000030517578,74.31729888916016,119.1782455444336,320.780517578125,61.36000061035156,470.5,661.9197387695312,40.59999847412109,87.69168090820312,321.5614318847656,22.286296844482425,42.630001068115234,43.625,224.3288116455078,431.32269287109375,392.8800048828125,202.83697509765625,7.920000076293945,648.1350708007812,119.68000030517578,957.1663208007812,170.6199951171875,339.40740966796875,96.20999908447266,188.879623413086,106.1232452392578,184.0,191.6621856689453,91.6500015258789,30.01000022888184,353.5599975585937,324.6899719238281,687.701904296875,307.7232360839844,317.7845458984375,70.18000030517578,139.47000122070312,171.49917602539062,199.73231506347656,259.8471984863281,141.0,1356.194580078125,183.5729522705078,481.3265075683594,178.3816375732422,120.4224853515625,291.17822265625,165.77000427246094,210.0200042724609,52.56003189086914,115.68000030517578,342.78094482421875,16.239999771118164,84.53681945800781,10.3100004196167,61.88999938964844,40.161163330078125,519.7000122070312,28.797901153564453,16.10742950439453,19.68000030517578,138.63600158691406,337.6522216796875,222.3030548095703,623.2341918945312
2026-01-08,33.0099983215332,280.93994140625,246.2899932861328,123.72000122070312,31.940000534057617,1190.147216796875,17.329999923706055,318.79998779296875,288.6000061035156,173.14999389648438,77.08999633789062,73.56139373779297,117.61991119384766,318.7027282714844,60.380001068115234,442.9400024414063,628.020263671875,38.90999984741211,85.04070281982422,325.0169372558594,21.87892341613769,41.11000061035156,45.68000030517578,221.6902313232422,436.836669921875,348.260009765625,200.7195281982422,8.170000076293945,645.50732421875,120.0,957.1763305664062,167.66000366210938,326.8826599121094,97.3000030517578,184.8145751953125,102.37583923339844,180.3800048828125,188.49166870117188,91.33999633789062,29.89999961853028,334.5400085449219,319.3832092285156,687.632080078125,283.9746398925781,317.1164245605469,66.86000061035156,136.11000061035156,160.7417449951172,187.5413055419922,258.55963134765625,141.58999633789062,1321.1947021484375,186.28140258789065,475.9902648925781,180.04476928710938,110.38147735595705,297.4115600585937,156.72999572753906,204.67999267578125,50.84524917602539,113.08000183105467,331.7840270996094,16.68000030517578,83.34827423095703,10.0600004196167,60.88999938964844,40.52861404418945,514.489990234375,27.96029090881348,15.988114356994627,18.8799991607666,135.98123168945312,321.6086730957031,216.1379547119141,619.6885986328125
2026-01-09,34.040000915527344,300.43133544921875,247.3800048828125,122.88999938964844,37.68000030517578,1269.4293212890625,17.639999389648438,327.3099975585937,302.29998779296875,178.05999755859375,80.13999938964844,73.48182678222656,119.72415924072266,322.6097412109375,61.5,447.2300109863281,622.123779296875,39.7400016784668,84.9410400390625,328.14288330078125,22.02796173095703,45.54999923706055,46.02999877929688,226.02789306640625,441.19818115234375,351.4200134277344,218.09869384765625,7.909999847412109,652.5013427734375,125.13999938964844,957.0565185546876,174.8699951171875,344.9450988769531,97.93000030517578,184.63479614257807,105.02692413330078,189.6499938964844,197.82907104492188,93.37999725341795,30.15999984741211,377.4100036621094,328.5775756835937,692.1796264648438,303.4806213378906,322.7206420898437,73.87999725341797,142.30999755859375,163.54107666015625,200.3118896484375,258.8890075683594,150.4199981689453,1396.4010009765625,188.12001037597656,477.1550903320313,175.99581909179688,112.4592742919922,299.1712341308594,162.61000061035156,203.1699981689453,52.1313362121582,111.79000091552734,344.24786376953125,17.139999389648438,83.1783676147461,10.06999969482422,62.15999984741211,41.22378540039063,525.1799926757812,28.75801658630371,16.09748649597168,18.600000381469727,139.88352966308594,341.53094482421875,217.0872039794922,625.86083984375
2026-01-12,33.720001220703125,306.4762878417969,246.47000122070312,123.41999816894533,38.209999084472656,1276.7535400390625,18.270000457763672,325.510009765625,314.70001220703125,185.17999267578125,89.93000030517578,73.61112976074219,119.57527923583984,327.1728515625,62.13999938964844,462.9400024414063,639.3833618164062,39.88999938964844,87.58204650878906,331.4285583496094,21.958410263061523,44.060001373291016,50.33000183105469,230.4555053710937,440.7510986328125,339.8699951171875,220.13624572753903,7.949999809265137,641.4207763671875,127.2300033569336,965.2301635742188,197.5500030517578,345.7247619628906,107.33000183105467,184.71470642089844,106.0335464477539,191.02999877929688,203.9676208496093,92.9000015258789,30.1200008392334,389.2699890136719,330.1466064453125,693.2666625976562,320.9201965332031,330.8377685546875,77.88999938964844,139.1199951171875,169.9895477294922,211.9832458496093,259.76739501953125,156.07000732421875,1424.4986572265625,186.894287109375,475.06439208984375,167.5712432861328,114.64642333984376,292.1425476074219,172.57000732421875,207.69000244140625,51.42348861694336,111.13999938964844,351.47271728515625,17.479999542236328,82.84852600097656,10.43000030517578,58.75,41.25358200073242,533.4199829101562,28.2694091796875,15.988114356994627,18.420000076293945,144.82376098632812,334.8901672363281,224.1815643310547,626.3801879882812
2026-01-13,34.18000030517578,304.1121826171875,242.6000061035156,129.92999267578125,36.709999084472656,1265.722412109375,18.700000762939453,323.0599975585937,328.5599975585937,190.02999877929688,87.4800033569336,75.06326293945312,118.77129364013672,330.43365478515625,64.2699966430664,489.0,651.6959228515625,40.869998931884766,89.57527160644531,335.53326416015625,22.147193908691406,47.290000915527344,52.9900016784668,238.2213134765625,440.0258483886719,361.3299865722656,214.1234588623047,8.149999618530273,630.5501708984375,127.06999969482422,981.3180541992188,213.5200042724609,337.9880065917969,105.43000030517578,185.58364868164065,106.28269958496094,197.44000244140625,201.5859375,95.4800033569336,28.600000381469727,389.80999755859375,333.0947570800781,691.8804931640625,317.885498046875,330.2793273925781,93.23999786376952,138.61000061035156,172.6789093017578,213.8418731689453,260.5658874511719,161.3800048828125,1438.1134033203125,186.3604736328125,468.5832824707031,163.63116455078125,112.89669799804688,294.4787902832031,180.5599975585937,220.97000122070312,51.7923698425293,107.83999633789062,353.86767578125,18.030000686645508,83.00845336914062,9.454999923706056,59.40999984741211,40.61799240112305,511.7999877929688,28.34918212890625,15.908571243286133,19.51000022888184,148.6761474609375,332.56695556640625,229.0876617431641,625.4513549804688
2026-01-14,34.470001220703125,301.1395874023437,236.6499938964844,125.08999633789062,36.09999847412109,1259.3048095703125,18.8799991607666,313.1700134277344,310.0400085449219,184.1100006103516,89.80000305175781,74.00897216796875,117.8084945678711,329.200927734375,63.83000183105469,477.0499877929688,643.7907104492188,41.34999847412109,89.9041519165039,335.4034118652344,21.948474884033203,48.720001220703125,52.880001068115234,241.20968627929688,437.1248168945313,331.6199951171875,208.5401306152344,8.210000038146973,614.9934692382812,125.0500030517578,981.6373901367188,215.009994506836,333.21002197265625,101.9800033569336,182.9169006347656,104.1897430419922,202.2100067138672,192.9361572265625,100.62000274658205,28.270000457763672,387.80999755859375,331.6956481933594,688.479736328125,311.7362060546875,326.1908569335937,96.5199966430664,145.32000732421875,170.81935119628906,214.84112548828125,259.4779052734375,156.83999633789062,1430.8121337890625,191.223876953125,457.3433532714844,162.88868713378906,111.08733367919922,296.2483825683594,172.13999938964844,223.6000061035156,48.52231597900391,104.98999786376952,339.17852783203125,17.920000076293945,81.16936492919922,10.039999961853027,60.58000183105469,41.80971908569336,505.3399963378906,27.800743103027344,16.95256996154785,19.489999771118164,146.4605255126953,329.4260559082031,230.0069274902344,618.769775390625
2026-01-15,37.0,318.2868347167969,238.17999267578125,130.58999633789062,35.220001220703125,1326.9476318359375,19.190000534057617,320.6000061035156,313.5299987792969,195.9600067138672,95.01000213623048,74.84444427490234,118.77129364013672,331.50732421875,66.58999633789062,497.5799865722656,641.8418579101562,41.52999877929688,93.17303466796876,332.3473815917969,21.809371948242188,48.31999969482422,51.88999938964844,253.0432891845703,437.1844177246094,343.2699890136719,217.2097625732422,8.649999618530273,620.2689208984375,131.86000061035156,1007.525634765625,218.92999267578125,336.4886474609375,103.88500213623048,186.82212829589844,107.61821746826172,217.8500061035156,189.18923950195312,103.06999969482422,29.420000076293945,409.239990234375,337.0123596191406,690.3546142578125,319.76220703125,340.6800537109375,100.9000015258789,145.47999572753906,172.49893188476562,221.93589782714844,257.73114013671875,149.1199951171875,1540.98828125,186.9436950683593,454.6354064941406,159.7703094482422,112.7177505493164,300.3343811035156,174.4499969482422,227.9199981689453,49.05070877075195,105.11000061035156,342.30194091796875,18.07999992370605,80.33978271484375,10.0,60.27999877929688,43.180206298828125,508.1900024414063,27.9204044342041,17.767887115478516,19.920000076293945,153.91578674316406,340.2147827148437,227.51890563964844,620.9970092773438
2026-01-16,37.040000915527344,326.1971435546875,239.1199951171875,129.8300018310547,37.400001525878906,1353.8233642578125,19.40999984741211,317.45001220703125,313.6000061035156,191.0399932861328,101.2300033569336,74.7847671508789,119.63482666015624,341.737060546875,64.83000183105469,494.4500122070313,681.1381225585938,41.2400016784668,93.88062286376952,329.5710144042969,21.30263900756836,46.959999084472656,57.81999969482422,251.15431213378903,436.1114196777344,324.25,222.6931915283203,8.449999809265137,619.7194213867188,136.8800048828125,1031.1085205078125,220.67999267578125,362.5976867675781,108.7300033569336,186.0031280517578,112.1230697631836,220.259994506836,190.4249267578125,107.98999786376952,32.63999938964844,413.6199951171875,342.2591247558594,689.7761840820312,325.66192626953125,341.4378967285156,101.01000213623048,149.8800048828125,176.8878936767578,221.3463134765625,255.0561370849609,150.97000122070312,1563.7894287109375,189.3753967285156,457.8211975097656,157.82008361816406,112.2107391357422,298.4952087402344,182.0,231.8300018310547,47.85435104370117,105.77999877929688,350.9737548828125,18.88999938964844,80.41974639892578,10.90999984741211,60.33000183105469,43.02130889892578,516.3099975585938,27.950319290161133,18.18548583984375,20.350000381469727,154.08544921875,306.82147216796875,227.96853637695312,620.4776611328125
2026-01-20,39.2599983215332,317.4389953613281,231.0,127.5199966430664,35.459999084472656,1321.4368896484375,18.89999961853028,307.0,310.760009765625,193.4600067138672,95.22000122070312,72.95468139648438,110.7273941040039,335.6131286621094,64.41000366210938,482.55999755859375,684.4461059570312,43.619998931884766,92.2561492919922,321.5814208984375,20.25936508178711,48.560001373291016,54.2599983215332,246.6167755126953,430.339111328125,356.8299865722656,222.1438446044922,8.010000228881836,603.6032104492188,136.36000061035156,1032.4259033203125,221.6999969482422,364.84674072265625,99.29000091552734,177.85308837890625,109.5317840576172,216.1600036621093,179.29379272460938,110.0999984741211,31.40999984741211,453.1199951171875,337.1423034667969,675.7345581054688,325.4223327636719,326.24072265625,97.83000183105467,157.39999389648438,175.1383056640625,222.80523681640625,246.2425079345703,153.22000122070312,1482.3594970703125,187.4082946777344,452.5048522949219,152.52377319335938,112.34992218017578,293.9419860839844,183.75,231.9199981689453,48.90116500854492,107.16999816894533,331.9037780761719,18.36000061035156,79.76007843017578,9.859999656677246,60.060001373291016,42.60420227050781,510.9700012207031,27.04290580749512,17.757944107055664,20.5,152.02952575683594,294.5470275878906,223.80186462402344,607.2942504882812
2026-01-21,38.380001068115234,324.4315185546875,231.3099975585937,127.29000091552734,35.060001373291016,1355.3380126953125,18.979999542236328,313.8399963378906,309.760009765625,201.4600067138672,94.0500030517578,73.29285430908203,112.91063690185548,335.98095703125,66.5999984741211,488.3599853515625,667.4863891601562,45.88999938964844,93.2029266357422,327.953125,20.885330200195312,54.25,53.47999954223633,253.0133056640625,436.4988708496094,362.4400024414063,228.1166839599609,8.390000343322754,612.4356689453125,143.67999267578125,1072.7852783203125,226.25,388.9465942382813,98.87000274658205,183.09669494628903,112.28253936767578,216.5800018310547,173.2748260498047,125.93000030517578,32.2400016784668,501.2900085449219,347.9256591796875,683.5332641601562,343.62060546875,325.2036437988281,99.87000274658205,162.0800018310547,181.42681884765625,241.72125244140625,247.1907501220703,139.16000366210938,1516.092529296875,192.1728363037109,442.1409912109375,154.80068969726562,117.1218719482422,303.1875915527344,176.0050048828125,249.8000030517578,53.29777908325195,113.91999816894533,328.1116943359375,18.200000762939453,82.50870513916016,9.760000228881836,63.130001068115234,45.335243225097656,521.9500122070312,28.438926696777344,18.94114112854004,19.479999542236328,154.2950439453125,293.52001953125,231.70556640625,615.50390625
2026-01-22,38.150001525878906,317.9975891113281,234.33999633789065,138.41000366210938,34.7400016784668,1390.1260986328125,19.059999465942383,317.0899963378906,290.92999267578125,202.72000122070312,91.79000091552734,73.92940521240234,116.80857849121094,332.0839538574219,64.72000122070312,470.3900146484375,661.2701416015625,45.005001068115234,93.9603500366211,330.1103210449219,21.22315216064453,54.31999969482422,52.2599983215332,244.56787109375,442.74810791015625,354.489990234375,220.4358825683593,8.920000076293945,647.0759887695312,147.52000427246094,1074.521728515625,224.2899932861328,397.41302490234375,96.8499984741211,184.6148223876953,111.1961898803711,211.8000030517578,177.55984497070312,124.7699966430664,32.45000076293945,503.4400024414063,348.455322265625,687.103515625,345.92657470703125,326.4501342773437,97.52999877929688,166.77999877929688,181.076904296875,243.11021423339844,247.8894500732422,135.10000610351562,1496.143798828125,192.74615478515625,449.1398620605469,156.21633911132812,114.59671020507812,306.7168273925781,176.35000610351562,253.72999572753903,52.29084777832031,119.1999969482422,324.8086242675781,18.07999992370605,83.05841827392578,11.289999961853027,63.06999969482422,45.16641616821289,509.4700012207031,28.94747734069824,18.970972061157227,19.18000030517578,152.19918823242188,286.5202941894531,228.957763671875,619.978271484375
2026-01-23,35.720001220703125,321.57867431640625,239.1600036621093,136.33999633789062,37.68999862670898,1384.18701171875,19.38999938964844,318.32000732421875,303.0899963378906,196.94000244140625,92.9800033569336,74.18799591064453,115.07394409179688,329.2804260253906,63.77999877929688,466.9100036621094,657.3825073242188,42.84999847412109,92.98368072509766,327.5036926269531,20.91513633728028,45.06999969482422,56.68000030517578,243.0087127685547,448.63958740234375,339.19000244140625,217.67919921875,8.569999694824219,658.1964721679688,145.99000549316406,1061.617431640625,219.259994506836,399.482177734375,94.5,187.44137573242188,110.12776947021484,211.8800048828125,176.5434112548828,115.30999755859376,31.700000762939453,473.8299865722656,344.49774169921875,687.352783203125,345.497314453125,333.9290466308594,95.0199966430664,153.2899932861328,182.4465789794922,236.21533203125,247.5800170898437,133.16000366210938,1508.8909912109375,191.08547973632807,463.8841857910156,154.2562255859375,112.2703857421875,303.8139343261719,169.66000366210938,259.67999267578125,49.55916213989258,116.06999969482422,319.3800354003906,18.790000915527344,80.18986511230469,10.170000076293944,61.97999954223633,44.18324279785156,501.3900146484375,28.967418670654297,18.344572067260746,17.959999084472656,150.69216918945312,288.225341796875,228.9977264404297,621.935791015625
2026-01-26,34.88999938964844,318.6659240722656,238.4199981689453,143.72000122070312,36.18000030517578,1408.4119873046875,19.82999992370605,322.0199890136719,308.25,197.759994506836,98.30999755859376,76.59496307373047,115.57240295410156,330.334228515625,63.75,474.1199951171875,665.5875244140625,44.220001220703125,94.62808227539062,332.8267822265625,21.23308753967285,42.4900016784668,52.36000061035156,241.679428100586,452.0771484375,332.45001220703125,222.6032867431641,8.630000114440918,671.7847900390625,148.49000549316406,1066.0087890625,218.88999938964844,388.9266052246094,91.45999908447266,186.2428436279297,110.41734313964844,206.7400054931641,181.80503845214844,114.19000244140624,30.799999237060547,470.7999877929688,342.8587646484375,690.84326171875,357.6661071777344,331.7751159667969,94.62999725341795,158.4600067138672,181.18687438964844,240.6720428466797,254.9363555908203,128.02000427246094,1539.063232421875,194.3277282714844,468.1949768066406,152.96925354003906,112.48909759521484,302.23321533203125,163.25,251.3099975585937,50.237098693847656,114.7300033569336,324.16998291015625,19.049999237060547,81.72908782958984,9.380000114440918,61.130001068115234,43.96475982666016,503.010009765625,28.51869773864746,17.926971435546875,17.399999618530273,155.25314331054688,284.4462890625,231.565673828125,624.67236328125
2026-01-27,37.38999938964844,331.88299560546875,244.67999267578125,146.69000244140625,41.34999847412109,1449.5079345703125,20.06999969482422,318.3699951171875,333.1700134277344,214.0,108.86000061035156,78.2559585571289,114.30632019042967,339.1920471191406,65.0999984741211,498.5899963378906,692.2813720703125,47.40999984741211,109.3679428100586,334.1150817871094,21.46161460876465,43.93000030517578,59.9900016784668,242.1491851806641,450.0901184082031,370.6600036621094,238.1746520996093,9.289999961853027,672.394287109375,146.89999389648438,1093.3040771484375,219.1999969482422,410.0677185058594,97.87000274658205,188.29034423828125,112.99354553222656,208.4600067138672,174.291259765625,115.70999908447266,31.200000762939453,481.4299926757813,350.86383056640625,693.5957641601562,371.1126403808594,337.3893127441406,94.61000061035156,164.02999877929688,189.1649932861328,252.4733123779297,257.791015625,129.57000732421875,1612.1748046875,194.3672790527344,478.4493408203125,151.5041046142578,115.56105041503906,302.05426025390625,170.92999267578125,252.02999877929688,50.586036682128906,114.87999725341795,332.0933837890625,19.940000534057617,82.88851165771484,9.5600004196167,62.630001068115234,45.60337829589844,502.7000122070313,29.27653884887696,18.374399185180664,18.0,165.92205810546875,287.9262084960937,238.74996948242188,630.335205078125
2026-01-28,45.22999954223633,335.9129333496094,243.009994506836,150.14999389648438,40.220001220703125,1417.9486083984375,20.26000022888184,320.489990234375,345.2300109863281,221.13999938964844,106.0199966430664,78.5344467163086,116.95811462402344,345.2861633300781,66.2699966430664,501.0,711.1599731445312,45.790000915527344,103.92645263671876,335.5732116699219,21.57090759277344,48.77999877929688,62.93999862670898,243.4884490966797,448.5700378417969,385.0,239.2933044433593,9.15999984741211,668.1578979492188,146.89999389648438,1159.4619140625,226.25,435.0972290039063,100.43000030517578,191.28668212890625,113.98208618164062,213.6999969482422,172.19857788085938,124.44000244140624,31.209999084472656,527.6300048828125,360.238037109375,693.5259399414062,442.15869140625,341.3381652832031,97.98999786376952,166.50999450683594,193.71389770507807,279.49334716796875,255.96446228027344,129.66000366210938,1623.016845703125,213.6824188232422,479.4946594238281,151.16751098632812,116.41603088378906,315.77362060546875,167.89999389648438,252.7400054931641,50.80537033081055,109.95999908447266,332.5424194335937,19.489999771118164,83.57816314697266,10.1899995803833,64.93000030517578,46.4475212097168,511.3500061035156,30.2437801361084,19.15988540649414,17.459999084472656,145.67208862304688,287.1185607910156,250.28077697753903,632.4225463867188
2026-01-29,39.56999969482422,340.49151611328125,241.72999572753903,148.14999389648438,38.06999969482422,1450.0760498046875,19.780000686645508,302.6700134277344,300.0,215.8600006103516,99.52999877929688,78.00730895996094,118.12450408935548,352.2948913574219,65.47000122070312,496.260009765625,716.9564819335938,44.459999084472656,102.65078735351562,337.8102722167969,21.868986129760746,48.65999984741211,59.84000015258789,243.78829956054688,452.0473327636719,381.4400024414063,247.87301635742188,8.930000305175781,737.6784057617188,176.72000122070312,1180.789306640625,227.72999572753903,435.6070251464844,94.91000366210938,192.2754821777344,115.4499282836914,213.1199951171875,168.42176818847656,121.5999984741211,30.1200008392334,539.2999877929688,360.90765380859375,692.1497192382812,445.7923583984375,338.59588623046875,96.4800033569336,171.52999877929688,195.0535888671875,278.20428466796875,257.801025390625,129.47000122070312,1680.3790283203125,216.45021057128903,431.57806396484375,150.6923370361328,115.491455078125,316.8373718261719,160.4600067138672,252.17999267578125,49.84828186035156,108.43000030517578,330.0376892089844,18.84000015258789,81.29930114746094,9.460000038146973,62.20000076293945,46.79510498046875,480.0,28.53864288330078,20.05474281311035,17.329999923706055,149.28494262695312,286.6199951171875,251.669677734375,628.6373291015625
2026-01-30,43.61000061035156,321.518798828125,239.3000030517578,141.74000549316406,33.880001068115234,1418.0283203125,18.979999542236328,296.3599853515625,280.989990234375,212.17999267578125,93.19000244140624,77.89789581298828,114.08699798583984,349.3621520996094,63.040000915527344,489.4400024414063,725.9310302734375,42.20000076293945,102.89994049072266,337.56060791015625,21.382125854492188,46.470001220703125,53.7400016784668,237.0619201660156,454.0045471191406,391.8399963378906,233.18063354492188,8.819999694824219,715.8870849609375,184.6600036621093,1121.906982421875,219.0599975585937,414.7057800292969,85.19000244140625,190.8971710205078,112.0948715209961,202.0500030517578,164.00718688964844,113.83000183105467,29.11000061035156,576.25,346.0867614746094,690.0853271484375,406.9800720214844,329.63116455078125,98.1999969482422,157.6699981689453,186.1356964111328,250.04510498046875,258.9988098144531,125.27999877929688,1424.26904296875,214.46031188964844,428.3822937011719,150.0686492919922,118.23533630371094,309.0630798339844,150.6199951171875,236.72999572753903,48.183353424072266,105.36000061035156,330.6064758300781,17.989999771118164,78.8805160522461,8.579999923706055,59.88999938964844,45.62324142456055,465.1199951171875,27.81071662902832,20.03485679626465,15.65999984741211,143.79579162597656,279.8695373535156,240.8582763671875,621.0868530273438
2026-02-02,44.15999984741211,327.5837097167969,242.9600067138672,138.3699951171875,34.79999923706055,1436.35400390625,19.40999984741211,289.19000244140625,285.1099853515625,222.44000244140625,88.94000244140625,80.20539093017578,118.79244232177734,357.335205078125,64.68000030517578,499.6099853515625,754.5137329101562,42.18000030517578,109.98583984375,343.24322509765625,21.868986129760746,48.810001373291016,53.08000183105469,243.0886688232422,457.1738586425781,423.4200134277344,237.21578979492188,8.930000305175781,705.8056640625,196.07000732421875,1170.8790283203125,228.5599975585937,437.61614990234375,88.16000366210938,185.3838806152344,115.6196746826172,202.42999267578125,159.50291442871094,113.70999908447266,29.709999084472656,665.239990234375,352.47283935546875,693.5159912109375,432.1961059570313,340.4008178710937,102.76000213623048,165.35000610351562,189.9647827148437,270.03033447265625,269.5093078613281,119.95999908447266,1406.8240966796875,223.8724822998047,421.4929809570313,151.08831787109375,119.05054473876952,315.00811767578125,152.44000244140625,246.2700042724609,48.05374526977539,106.93000030517578,330.4168701171875,17.8700008392334,78.62065124511719,8.619999885559082,61.52999877929688,46.19924545288086,457.8900146484375,28.688215255737305,20.5518856048584,16.6200008392334,144.64410400390625,270.09783935546875,249.33154296875,625.3515014648438
2026-02-03,46.119998931884766,317.8778991699219,238.6199951171875,139.38999938964844,36.70000076293945,1391.0030517578125,19.38999938964844,268.5,297.45001220703125,229.17999267578125,90.05999755859375,82.6620864868164,116.78864288330078,360.4071044921875,65.98999786376953,448.5299987792969,779.7784423828125,40.68999862670898,112.40760040283205,339.26837158203125,21.64046096801757,49.25,54.38999938964844,245.49737548828125,460.5617065429688,435.1000061035156,229.8246459960937,8.460000038146973,691.1082763671875,199.47999572753903,1162.5057373046875,226.7100067138672,419.2638854980469,89.94999694824219,180.12030029296875,119.25431823730467,199.94000244140625,154.13168334960938,98.4499969482422,29.670000076293945,695.510009765625,345.4271850585937,687.6520385742188,443.6760559082031,334.8065795898437,107.56999969482422,166.75999450683594,190.1047515869141,290.0255126953125,268.98028564453125,111.30999755859376,1352.0552978515625,224.0714874267578,409.3868713378906,145.70291137695312,119.71663665771484,309.470703125,158.52000427246094,242.1100006103516,46.09969329833984,104.5500030517578,319.659423828125,17.739999771118164,75.50220489501953,9.050000190734863,59.43000030517578,44.92807388305664,419.1400146484375,27.78080177307129,20.621484756469727,17.0,146.76991271972656,267.67486572265625,282.7549743652344,615.7435913085938
2026-02-04,39.900001525878906,296.8602600097656,232.9900054931641,130.27999877929688,31.540000915527344,1334.4512939453125,18.989999771118164,271.4200134277344,275.8599853515625,211.0,82.45999908447266,80.72259521484375,121.66355895996094,362.8626403808594,58.83000183105469,423.0299987792969,745.7689819335938,41.09999847412109,109.318115234375,332.6070556640625,23.09110641479492,48.59999847412109,44.93999862670898,235.9325408935547,470.2583618164063,465.5400085449219,209.52896118164065,6.630000114440918,668.417724609375,199.52999877929688,1134.5616455078125,215.02999877929688,379.2406921386719,82.38999938964844,173.97781372070312,116.5183563232422,188.6000061035156,146.15951538085938,100.8499984741211,33.7599983215332,584.5499877929688,330.17657470703125,684.3211059570312,417.9010314941406,324.82470703125,96.22000122070312,152.08999633789062,182.5165557861328,269.2109375,275.97723388671875,96.9499969482422,1303.8594970703125,221.7930603027344,412.3536987304688,147.395751953125,127.62019348144533,318.56719970703125,144.6699981689453,200.19000244140625,43.73688507080078,104.9000015258789,307.4051513671875,16.149999618530273,73.693115234375,8.199999809265137,62.060001373291016,46.92420959472656,418.9800109863281,29.24662208557129,19.74651527404785,17.200000762939453,129.74356079101562,249.7368011474609,268.85601806640625,604.9871826171875
2026-02-05,38.130001068115234,303.234375,222.69000244140625,128.6699981689453,27.84499931335449,1345.4427490234375,20.26000022888184,270.1400146484375,294.8900146484375,209.2400054931641,74.6500015258789,81.91612243652344,115.03406524658205,352.5931396484375,60.150001525878906,442.7000122070313,737.0842895507812,40.970001220703125,112.40760040283205,330.8193664550781,22.56450080871582,48.2400016784668,39.790000915527344,241.69943237304688,456.7068786621094,504.4200134277344,213.0547332763672,6.230000019073486,669.63671875,205.32000732421875,1153.6834716796875,227.8000030517578,382.729248046875,73.87000274658203,171.67062377929688,113.70249938964844,188.8600006103516,136.00498962402344,98.0999984741211,30.850000381469727,576.2000122070312,330.62628173828125,675.7744750976562,404.7439880371094,329.8006896972656,92.58000183105467,148.19000244140625,177.70770263671875,259.99774169921875,275.3983459472656,98.05999755859376,1327.6082763671875,222.8477020263672,391.9246520996094,134.93211364746094,125.44298553466795,320.23736572265625,142.82000732421875,192.5,44.13566970825195,110.87999725341795,309.8600158691406,14.8149995803833,74.17286682128906,7.429999828338623,63.09999847412109,46.87455368041992,410.4400024414063,28.89761734008789,19.5377140045166,15.529999732971191,127.37824249267578,246.3466033935547,270.91436767578125,596.2781982421875
2026-02-06,44.29999923706055,321.7083740234375,210.32000732421875,137.49000549316406,34.95000076293945,1408.0731201171875,20.88999938964844,283.5199890136719,307.5299987792969,227.67999267578125,89.94999694824219,84.36286926269531,120.6766128540039,371.6309814453125,63.97999954223633,503.989990234375,778.8789672851562,42.90999984741211,121.74583435058594,322.4402770996094,23.45873641967773,50.59000015258789,41.83000183105469,258.11053466796875,445.3311767578125,551.989990234375,230.73355102539065,8.0600004196167,660.8941650390625,215.72000122070312,1227.3660888671875,235.8699951171875,394.5242614746094,86.0999984741211,185.18414306640625,112.47430419921876,208.5,142.32293701171875,107.0999984741211,34.380001068115234,597.9500122070312,348.2954406738281,688.739013671875,428.5724182128906,347.8697814941406,98.58000183105467,159.8699951171875,195.5334625244141,282.37115478515625,277.6042175292969,111.4000015258789,1439.240478515625,220.320541381836,399.3615417480469,135.961669921875,127.31200408935548,318.5771789550781,169.85000610351562,208.44000244140625,49.21022415161133,123.6999969482422,332.2231140136719,16.809999465942383,80.23983001708984,8.859999656677246,65.19999694824219,47.01358795166016,426.8800048828125,29.76514434814453,19.836000442504883,15.739999771118164,135.96127319335938,260.6651611328125,299.8713073730469,608.8822631835938
2026-02-09,47.90999984741211,329.7483215332031,208.72000122070312,141.74000549316406,38.2599983215332,1424.49560546875,22.14999961853028,291.0,319.2099914550781,242.4600067138672,96.79000091552734,86.31230163574219,120.53704833984376,374.8520202636719,66.06999969482422,501.8900146484375,801.0556030273438,43.525001525878906,130.9445343017578,323.8984069824219,23.756813049316406,50.2400016784668,46.150001525878906,265.8163757324219,453.3786315917969,577.1500244140625,229.0056304931641,7.769999980926514,676.640625,219.1300048828125,1203.7733154296875,235.6999969482422,383.3389587402344,92.87999725341795,189.80848693847656,114.45140075683594,214.0800018310547,156.0449981689453,110.91999816894533,33.529998779296875,583.4000244140625,352.55279541015625,692.0599975585938,424.2599182128906,354.4113464355469,97.9800033569336,159.0399932861328,201.95193481445312,285.7786560058594,274.3672180175781,123.41000366210938,1436.4576416015625,217.6640472412109,411.7662963867188,137.53570556640625,136.74659729003906,321.0823974609375,187.6699981689453,216.0,52.36063766479492,124.61000061035156,343.22003173828125,18.549999237060547,82.30879974365234,9.220000267028809,65.0999984741211,45.47427749633789,438.8999938964844,32.417579650878906,19.36868476867676,14.890000343322754,143.91555786132812,271.3641662597656,309.763427734375,613.54638671875
2026-02-10,48.4900016784668,328.2520446777344,206.9600067138672,143.4499969482422,37.470001220703125,1410.5390625,22.489999771118164,299.0,297.92999267578125,228.3699951171875,95.11000061035156,85.82494354248047,125.6213150024414,375.2596130371094,64.29000091552734,466.2900085449219,790.3120727539062,41.900001525878906,127.66569519042967,318.16583251953125,23.8164291381836,47.130001068115234,42.93000030517578,258.7901611328125,457.5216064453125,561.1300048828125,226.3388214111328,7.78000020980835,670.1461791992188,219.759994506836,1139.7413330078125,230.5399932861328,373.09326171875,91.79000091552734,188.3103179931641,111.98503112792967,217.7100067138672,159.33351135253906,106.98999786376952,33.33000183105469,541.6400146484375,351.213623046875,690.2349243164062,395.5400390625,360.89306640625,93.7699966430664,157.42999267578125,199.572494506836,262.365966796875,273.4280700683594,134.72000122070312,1427.16162109375,219.8031616210937,411.437744140625,138.68406677246094,130.552978515625,323.2596130371094,182.8600006103516,213.57000732421875,53.29777908325195,125.9499969482422,339.72735595703125,18.1299991607666,81.9689712524414,8.789999961853027,67.37999725341797,45.34517288208008,437.4500122070313,33.34493637084961,19.249372482299805,15.800000190734863,143.85568237304688,270.35711669921875,304.64752197265625,610.699951171875
2026-02-11,48.400001525878906,339.0351867675781,204.0800018310547,140.66000366210938,36.59999847412109,1432.5010986328125,23.739999771118164,299.6499938964844,295.67999267578125,223.69000244140625,95.1500015258789,85.07898712158203,123.77702331542967,393.77056884765625,64.83999633789062,465.5299987792969,823.1722412109375,48.7400016784668,132.4494171142578,310.5557556152344,23.657453536987305,48.290000915527344,42.66999816894531,260.9389953613281,464.4761657714844,574.1099853515625,234.8386383056641,7.849999904632568,668.1179809570312,219.5,1194.3421630859375,236.94000244140625,410.1676940917969,88.61000061035156,189.8184967041016,112.58414459228516,222.4199981689453,156.61302185058594,99.37999725341795,32.040000915527344,599.3400268554688,359.9782409667969,690.075439453125,406.5408325195313,373.0388488769531,91.9000015258789,160.7100067138672,248.45086669921875,273.5377197265625,275.24639892578125,128.39999389648438,1475.696533203125,225.41465759277344,402.5771789550781,139.62452697753906,139.65435791015625,335.0303955078125,143.7100067138672,213.5800018310547,55.99956130981445,125.27999877929688,342.0425109863281,18.09000015258789,81.29930114746094,8.760000228881836,71.18000030517578,47.93717956542969,438.2099914550781,34.85064697265625,20.07462882995605,18.030000686645508,143.755859375,276.05059814453125,321.1943664550781,612.337890625
2026-02-12,43.9900016784668,327.57373046875,199.6000061035156,135.1199951171875,36.16999816894531,1403.8038330078125,23.459999084472656,288.3299865722656,274.7900085449219,216.1000061035156,95.6999969482422,74.59579467773438,112.47199249267578,388.0442810058594,62.59999847412109,462.0499877929688,816.0665283203125,48.70000076293945,131.05416870117188,308.5982971191406,22.057769775390625,46.47999954223633,40.02999877929688,250.9944000244141,469.7914123535156,583.4600219726562,231.01321411132807,8.0,649.254150390625,215.4499969482422,1153.6236572265625,238.9900054931641,413.7961730957031,89.7300033569336,186.7122802734375,111.7353973388672,214.7100067138672,155.9353790283203,95.8000030517578,30.43000030517578,630.2899780273438,351.2835693359375,679.41455078125,430.419189453125,367.065673828125,92.33000183105467,164.2899932861328,236.45372009277344,283.8900756835937,261.4891052246094,121.77999877929688,1447.1202392578125,221.8726501464844,400.0584106445313,137.08033752441406,138.06759643554688,329.4233703613281,126.58000183105467,205.94000244140625,51.43345642089844,122.19000244140624,330.4767761230469,17.479999542236328,78.19086456298828,8.369999885559082,70.62999725341797,46.36806869506836,423.3500061035156,33.51445770263672,19.269256591796875,16.0,143.4464874267578,275.3226928710937,310.7826232910156,599.8836059570312
2026-02-13,44.459999084472656,354.0278015136719,198.7899932861328,141.58999633789062,35.279998779296875,1403.5443115234375,23.39999961853028,299.4599914550781,280.6600036621094,217.22999572753903,96.04000091552734,76.43582153320312,117.1275863647461,386.97064208984375,64.23999786376953,495.5499877929688,801.645263671875,48.9900016784668,133.0075225830078,305.32257080078125,22.54463005065918,46.790000915527344,42.220001220703125,254.44253540039065,477.8786010742188,562.739990234375,235.2481384277344,8.390000343322754,639.2227172851562,216.5,1169.1324462890625,244.1600036621093,411.4871520996094,98.01000213623048,182.58729553222656,113.08341217041016,217.22999572753903,159.5826416015625,101.9499969482422,30.540000915527344,626.5599975585938,354.4416198730469,679.8931884765625,425.2481994628906,365.33056640625,91.8000030517578,155.9600067138672,234.4741973876953,281.3719177246094,255.5445556640625,121.44000244140624,1460.3660888671875,225.0166778564453,399.5407409667969,139.28794860839844,136.00181579589844,335.1298217773437,129.32000732421875,207.32000732421875,47.33592987060547,125.27999877929688,324.48931884765625,17.84000015258789,78.57067108154297,8.300000190734863,72.20999908447266,46.88448715209961,437.0899963378906,33.51445770263672,18.772113800048828,17.739999771118164,146.4305877685547,287.5971374511719,314.54119873046875,601.1619873046875
2026-02-17,43.90999984741211,358.2373352050781,201.1499938964844,142.5800018310547,33.560001373291016,1416.6856689453125,23.46999931335449,283.4599914550781,286.6600036621094,219.9600067138672,91.0,76.43582153320312,115.73190307617188,389.197509765625,64.41999816894531,496.7799987792969,818.6549682617188,48.220001220703125,130.07748413085938,301.6273498535156,21.829242706298828,46.18000030517578,40.970001220703125,257.3418884277344,479.0906982421875,600.4199829101562,235.298080444336,8.09000015258789,638.7431030273438,216.83999633789065,1170.8392333984375,245.58999633789065,399.6121215820313,97.5199966430664,184.7446746826172,115.0505142211914,220.2899932861328,153.43411254882812,101.9499969482422,30.11000061035156,590.5900268554688,353.8819885253906,680.9901733398438,415.2156982421875,363.1766662597656,90.91000366210938,157.27999877929688,243.4720458984375,283.9000549316406,263.6371154785156,124.8000030517578,1468.31591796875,224.549057006836,395.1004943847656,141.19857788085938,131.0918731689453,335.5374450683594,123.69000244140624,203.0800018310547,46.697872161865234,126.88999938964844,331.8439025878906,17.229999542236328,78.97047424316406,8.220000267028809,71.95999908447266,45.41469192504883,421.9500122070313,33.105621337890625,18.58320045471192,19.1200008392334,148.27694702148438,302.13507080078125,305.4146423339844,600.542724609375
2026-02-18,43.43999862670898,368.3820190429688,204.7899932861328,139.5399932861328,31.90999984741211,1465.5189208984375,23.34000015258789,305.010009765625,291.3999938964844,223.88999938964844,95.4499969482422,77.75865173339844,116.4197769165039,378.152587890625,65.81999969482422,505.7799987792969,817.055908203125,46.54999923706055,131.56243896484375,302.9356689453125,21.41193389892578,45.459999084472656,42.08000183105469,260.4811706542969,482.1308288574219,594.260009765625,239.8026885986328,7.989999771118164,642.6697387695312,217.52999877929688,1185.9488525390625,246.759994506836,420.7732543945313,101.8000030517578,187.75099182128903,115.4798812866211,220.0,155.62646484375,104.33999633789062,29.709999084472656,600.4000244140625,357.6996459960937,684.4208374023438,423.40142822265625,361.2420959472656,93.97000122070312,155.61000061035156,243.15213012695312,296.3408508300781,264.106689453125,127.91000366210938,1478.4130859375,222.1910400390625,397.8283386230469,141.80245971679688,132.48899841308594,344.3456726074219,129.5800018310547,200.1199951171875,46.59817886352539,127.23999786376952,332.8118591308594,17.270000457763672,79.05042266845703,8.09000015258789,70.66000366210938,45.613311767578125,442.30999755859375,33.67399978637695,19.28914260864257,19.59000015258789,147.43858337402344,293.200927734375,314.7011413574219,605.027099609375
2026-02-19,46.97999954223633,369.3707885742188,204.8600006103516,137.22999572753906,31.530000686645508,1455.7503662109375,23.18000030517578,296.5899963378906,291.3299865722656,232.47999572753903,97.13999938964844,78.13660430908203,118.69274139404295,375.1104736328125,65.11000061035156,513.8300170898438,834.1055908203125,45.43999862670898,129.54928588867188,302.456298828125,21.25295829772949,44.619998931884766,43.290000915527344,262.3807373046875,486.9294738769531,635.6400146484375,237.10592651367188,8.029999732971191,644.2284545898438,218.5399932861328,1172.875,242.5599975585937,417.17474365234375,107.61000061035156,187.6710968017578,116.70806884765624,225.3300018310547,155.9951629638672,104.12999725341795,32.15999984741211,621.0900268554688,355.62091064453125,682.61572265625,408.2578430175781,359.3773498535156,100.38999938964844,152.83999633789062,243.00216674804688,284.4596862792969,260.3401184082031,130.66000366210938,1468.0263671875,216.9476776123047,397.5988464355469,139.85223388671875,132.0399169921875,343.2818908691406,132.6199951171875,203.3699951171875,48.193321228027344,126.93000030517578,333.29083251953125,17.979999542236328,79.5701675415039,8.079999923706055,68.08999633789062,45.3551025390625,442.4400024414063,33.105621337890625,19.59737014770508,19.059999465942383,150.90174865722656,290.8178405761719,315.7807312011719,602.7100219726562
2026-02-20,51.68000030517578,374.9139099121094,210.1100006103516,132.7899932861328,29.040000915527344,1466.3870849609375,23.959999084472656,296.2799987792969,292.69000244140625,248.17999267578125,89.25,78.77315521240234,121.8928451538086,371.1935729980469,65.68000030517578,546.1300048828125,829.8381958007812,46.18999862670898,139.03700256347656,314.5705261230469,21.23308753967285,44.11000061035156,39.97999954223633,271.0287780761719,493.2879638671875,667.77001953125,244.6269073486328,7.829999923706055,655.09912109375,226.3600006103516,1201.6973876953125,243.58999633789065,427.9902038574219,97.91999816894533,189.5887756347656,116.69808959960938,216.4100036621093,147.5646209716797,102.63999938964844,32.41999816894531,649.969970703125,359.20867919921875,687.5523071289062,410.3941040039063,369.4988403320313,107.93000030517578,170.00999450683594,243.69200134277344,285.3089904785156,264.3364562988281,124.05999755859376,1494.093017578125,218.6191864013672,396.37152099609375,141.44607543945312,134.6046905517578,352.9550170898437,129.67999267578125,200.1499938964844,47.794532775878906,125.58000183105467,331.9536437988281,17.299999237060547,79.44023895263672,7.880000114440918,69.11000061035156,45.19620895385742,439.9400024414063,33.5244255065918,19.557600021362305,18.65999984741211,150.7420654296875,293.9886474609375,324.72735595703125,608.0433349609375
2026-02-23,53.959999084472656,373.086181640625,205.2700042724609,127.43000030517578,30.0,1482.7513427734375,23.479999542236328,279.79998779296875,296.67999267578125,248.88999938964844,90.83999633789062,77.3210220336914,118.77249908447266,359.92987060546875,63.29999923706055,576.7100219726562,831.1973876953125,46.15999984741211,144.75755310058594,311.0850524902344,19.871864318847656,43.630001068115234,42.36000061035156,261.22100830078125,494.95703125,674.72998046875,241.98008728027344,7.449999809265137,636.7048950195312,222.5,1187.685546875,245.52999877929688,420.7932434082031,100.61000061035156,191.316650390625,114.7609405517578,213.2400054931641,140.81817626953125,95.2699966430664,30.709999084472656,666.489990234375,356.6003112792969,680.531494140625,406.6905822753906,369.000244140625,106.8499984741211,171.8000030517578,245.36160278320312,280.2127990722656,265.9349670410156,124.0500030517578,1485.763671875,218.7485198974609,383.6390686035156,139.00086975097656,135.88206481933594,353.0743408203125,128.24000549316406,196.6000061035156,46.92717361450195,123.77999877929688,329.64849853515625,16.889999389648438,77.75108337402344,8.119999885559082,69.47000122070312,45.25579452514648,420.8200073242188,33.89337921142578,19.20959854125977,18.46999931335449,147.52842712402344,292.95166015625,318.3797607421875,600.652587890625
2026-02-24,56.27000045776367,377.4607543945313,208.5599975585937,128.77000427246094,30.65999984741211,1494.53564453125,24.81999969482422,290.6300048828125,296.3500061035156,254.8600006103516,99.3000030517578,77.71886444091797,119.4105224609375,372.36663818359375,64.91999816894531,585.8699951171875,879.1983032226562,47.619998931884766,151.0760498046875,310.495849609375,20.120262145996094,46.119998931884766,45.45000076293945,266.19989013671875,500.7293395996094,688.27001953125,243.9577178955078,7.449999809265137,638.7531127929688,236.6999969482422,1211.2484130859375,248.2899932861328,417.83447265625,102.58000183105467,192.6150817871093,118.04610443115234,224.17999267578125,145.63136291503906,98.56999969482422,31.1299991607666,638.52001953125,361.8171081542969,685.4779052734375,395.3303833007813,384.66607666015625,106.6999969482422,190.3000030517578,253.0897521972656,270.3700866699219,271.8895263671875,120.83000183105467,1504.7294921875,212.2714385986328,388.1593017578125,143.32701110839844,135.6126251220703,354.0088195800781,128.39999389648438,213.83999633789065,48.38274002075195,128.13999938964844,324.8086242675781,17.8700008392334,78.35077667236328,8.260000228881836,70.02999877929688,46.75538635253906,440.7200012207031,33.95320510864258,19.497943878173828,20.14999961853028,151.20115661621094,311.7372741699219,328.9657592773437,607.1044921875
2026-02-25,58.119998931884766,394.4596252441406,210.63999938964844,132.88999938964844,29.07999992370605,1523.18310546875,25.11000061035156,301.8399963378906,293.9800109863281,267.8999938964844,98.01000213623048,78.69358825683594,123.09911346435548,371.3426513671875,65.66999816894531,615.989990234375,875.4805908203125,48.86000061035156,159.88607788085938,312.49322509765625,20.497827529907227,46.880001068115234,44.02999877929688,277.50732421875,504.97161865234375,723.3900146484375,249.1814422607422,7.099999904632568,653.1307983398438,230.19000244140625,1229.4918212890625,253.3699951171875,428.8198547363281,106.12000274658205,195.3217620849609,121.62083435058594,225.22000122070312,147.37527465820312,101.08999633789062,33.599998474121094,632.3800048828125,367.7734069824219,691.26220703125,421.1154174804688,386.6405334472656,108.86000061035156,197.1600036621093,262.12762451171875,290.7350158691406,273.97760009765625,123.45999908447266,1544.70849609375,212.8186492919922,399.7342224121094,144.35658264160156,142.71807861328125,358.6913146972656,128.14999389648438,210.8600006103516,50.785430908203125,131.74000549316406,331.6143798828125,18.07999992370605,80.87950897216797,9.880000114440918,69.68000030517578,48.32448959350586,449.1700134277344,34.46175765991211,19.995086669921875,20.46999931335449,152.3389129638672,324.8991394042969,342.6905822753906,615.9033813476562
2026-02-26,53.68999862670898,375.2535095214844,207.9199981689453,130.25,28.64999961853028,1460.6097412109375,24.229999542236328,297.6000061035156,279.1600036621094,250.13999938964844,97.62999725341795,77.67908477783203,121.07537078857422,372.396484375,63.209999084472656,562.4400024414062,875.9303588867188,46.91999816894531,149.79043579101562,306.9804382324219,20.70648193359375,45.459999084472656,44.2400016784668,271.8486022949219,495.2749633789063,677.0,238.783920288086,7.039999961853027,656.447998046875,228.8999938964844,1177.7752685546875,247.1100006103516,415.385498046875,104.87999725341795,184.66476440429688,121.61084747314452,217.8800048828125,149.78684997558594,102.16999816894533,32.279998779296875,651.9000244140625,356.5802917480469,687.422607421875,408.9566345214844,375.751220703125,107.55999755859376,205.63999938964844,259.1683349609375,282.0414428710937,272.6987609863281,114.4800033569336,1522.3670654296875,211.5550842285156,400.851806640625,144.12887573242188,130.81243896484375,352.2790222167969,124.66999816894533,203.67999267578125,48.37277221679688,129.25999450683594,321.0265808105469,17.979999542236328,79.25032806396484,9.510000228881836,68.16000366210938,48.1258659362793,426.0,34.28226852416992,19.33885765075684,20.209999084472656,148.17713928222656,322.625732421875,332.57440185546875,608.4727783203125
2026-02-27,84.2300033569336,371.8377380371094,210.0,133.5,27.270000457763672,1447.398681640625,24.290000915527344,301.3999938964844,277.6300048828125,258.92999267578125,79.55999755859375,79.03175354003906,147.62322998046875,373.7187194824219,63.02000045776367,545.6300048828125,873.072021484375,47.54999923706055,150.14988708496094,311.354736328125,21.33244514465332,45.61000061035156,40.95000076293945,264.9301452636719,504.7828674316406,700.9099731445312,233.610107421875,7.110000133514404,647.62548828125,227.25,1140.4598388671875,248.1199951171875,412.1968383789063,91.19000244140624,176.97415161132812,118.18589782714844,215.88999938964844,144.89393615722656,99.66000366210938,32.38999938964844,635.3599853515625,352.0730895996094,684.1216430664062,407.1297912597656,373.5274658203125,104.23999786376952,201.3999938964844,254.829345703125,279.49334716796875,263.93682861328125,112.2699966430664,1522.606689453125,211.03770446777344,391.8912048339844,140.93128967285156,128.96620178222656,353.7106018066406,118.83000183105467,200.2100067138672,47.674896240234375,127.4499969482422,318.8810729980469,16.969999313354492,81.64913177490234,9.0,66.4800033569336,47.80167007446289,414.0,33.51445770263672,18.61302757263184,19.71999931335449,145.77188110351562,328.927490234375,319.9091796875,606.5252075195312
2026-03-02,102.51000213623048,371.7178955078125,208.38999938964844,129.3000030517578,27.93000030517578,1420.4375,24.200000762939453,303.3599853515625,266.9800109863281,298.9100036621094,78.05000305175781,78.9919662475586,153.0763702392578,375.1900024414063,65.48999786376953,581.3699951171875,880.6474609375,49.869998931884766,157.61842346191406,306.1215209960937,21.988216400146484,45.5,41.38999938964844,261.1210327148437,506.0346984863281,783.25,230.7235717773437,6.800000190734863,653.0009155273438,238.5,1140.3001708984375,258.5400085449219,412.4967346191406,91.01000213623048,182.25770568847656,120.09307861328124,218.0500030517578,148.7305450439453,98.87999725341795,31.82999992370605,619.0800170898438,351.8332214355469,684.5106201171875,378.8591003417969,368.0728149414063,113.0,209.19000244140625,257.68865966796875,269.8804016113281,264.476318359375,114.22000122070312,1532.9932861328125,208.75929260253903,397.6886291503906,139.61463928222656,128.92630004882812,350.3503723144531,120.5500030517578,198.6199951171875,47.6649284362793,124.37000274658205,318.1526184082031,16.489999771118164,80.81954193115234,9.550000190734863,66.4800033569336,50.115943908691406,424.6600036621094,33.38482666015625,19.040571212768555,21.209999084472656,134.8933868408203,326.21533203125,325.7069702148437,607.32421875
2026-03-03,95.33999633789062,350.8837890625,208.72999572753903,124.5999984741211,26.14999961853028,1357.973876953125,22.309999465942383,300.6300048828125,256.95001220703125,280.8099975585937,73.77999877929688,78.5344467163086,144.732177734375,353.4779052734375,63.08000183105469,553.030029296875,841.4911499023438,47.220001220703125,147.34417724609375,303.1853332519531,21.50135612487793,43.09999847412109,38.84999847412109,254.1826019287109,498.4244079589844,694.4299926757812,217.009994506836,6.929999828338623,654.5196533203125,212.32000732421875,1072.226318359375,241.009994506836,379.52056884765625,86.80000305175781,179.83065795898438,111.48576354980467,207.5,148.4913787841797,87.58999633789062,30.68000030517578,565.4099731445312,334.5738830566406,678.4771118164062,356.99725341796875,352.13775634765625,104.0500030517578,201.97000122070312,244.3818359375,250.42481994628903,263.5072326660156,97.3000030517578,1439.5126953125,201.6454315185547,403.0570068359375,136.74375915527344,119.18621826171876,338.0639953613281,109.8000030517578,190.9499969482422,44.4547004699707,121.72000122070312,313.1830444335937,15.300000190734863,77.47122192382812,8.899999618530273,63.41999816894531,47.881473541259766,424.3200073242188,31.530113220214844,17.847429275512695,20.850000381469727,129.32440185546875,323.9319152832031,304.1051330566406,600.8224487304688
2026-03-04,99.70999908447266,357.3157958984375,216.82000732421875,134.8300018310547,28.64999961853028,1396.3201904296875,22.100000381469727,305.42999267578125,270.6400146484375,274.8599853515625,79.5,80.43415832519531,146.64625549316406,352.38433837890625,63.93999862670898,563.8699951171875,840.7615966796875,47.56999969482422,144.61834716796875,302.7359619140625,21.41193389892578,45.58000183105469,43.84000015258789,255.12237548828125,495.9505615234375,680.7999877929688,222.9900054931641,6.960000038146973,667.1587524414062,209.92999267578125,1096.8271484375,239.0,400.6016845703125,97.77999877929688,182.8170166015625,113.66255950927734,209.0399932861328,151.8396759033203,92.04000091552734,32.650001525878906,599.0599975585938,341.3297119140625,683.2639770507812,374.3569946289063,356.4356384277344,105.13999938964844,203.19000244140625,251.22021484375,261.1069030761719,262.2783508300781,102.54000091552734,1474.0286865234375,201.3668365478516,404.32427978515625,138.10989379882812,122.05036163330078,340.5771484375,113.7699966430664,202.07000732421875,45.63111877441406,124.11000061035156,316.86529541015625,15.84000015258789,78.0509262084961,9.220000267028809,62.52999877929688,46.85401916503906,430.9800109863281,33.235252380371094,17.67840003967285,20.59000015258789,132.48814392089844,321.91778564453125,305.08477783203125,609.9808959960938
2026-03-05,101.13999938964844,346.0997314453125,218.94000244140625,139.39999389648438,28.09000015258789,1365.377685546875,22.059999465942383,299.8399963378906,265.8299865722656,253.8699951171875,74.81999969482422,79.57878875732422,146.06805419921875,352.7124328613281,63.5099983215332,544.4500122070312,814.5174560546875,48.33000183105469,134.5338134765625,300.4888610839844,21.33244514465332,45.95000076293945,40.125,252.153060913086,486.8797912597656,650.8200073242188,214.67999267578125,6.829999923706055,660.0049438476562,204.7700042724609,1076.2880859375,228.97999572753903,396.8832702636719,95.6500015258789,183.1166381835937,110.38738250732422,196.88999938964844,154.25125122070312,91.91000366210938,32.2400016784668,565.5900268554688,337.5520324707031,679.4544067382812,366.7003173828125,352.8656921386719,98.9499969482422,181.9199981689453,249.6905670166016,258.9624938964844,260.0504150390625,114.73999786376952,1427.5379638671875,196.9791412353516,409.79241943359375,136.49586486816406,123.50737762451172,328.8193359375,120.0,199.4499969482422,44.4247932434082,120.62000274658205,332.0733947753906,16.0,75.64213562011719,8.960000038146973,60.84999847412109,47.69194412231445,442.2999877929688,33.215309143066406,17.032114028930664,18.940000534057617,135.9712677001953,331.1111755371094,305.4646301269531,608.1431274414062
2026-03-06,95.58000183105467,324.3367919921875,213.2100067138672,132.88999938964844,25.13999938964844,1289.982421875,21.1200008392334,296.94000244140625,249.5200042724609,235.72000122070312,72.98999786376953,78.21617126464844,146.02816772460938,345.7136535644531,59.90999984741211,489.3800048828125,788.7530517578125,46.880001068115234,123.10133361816406,298.1319274902344,20.9946231842041,43.41999816894531,36.70000076293945,241.0355682373047,481.5943298339844,558.4400024414062,199.3300018310547,6.619999885559082,644.308349609375,187.2899932861328,1021.118408203125,207.509994506836,370.1445007324219,89.33000183105469,177.6033935546875,105.86404418945312,179.72000122070312,152.42764282226562,88.12000274658203,31.309999465942383,527.3300170898438,323.3108215332031,670.5487060546875,352.1856384277344,337.9377746582031,87.91000366210938,162.6699981689453,241.72247314453125,245.1860809326172,257.2229919433594,109.83000183105467,1342.836181640625,192.25314331054688,408.0761413574219,135.190673828125,118.1084213256836,314.94732666015625,119.1999969482422,192.42999267578125,41.48374176025391,114.37999725341795,329.7882080078125,14.859999656677246,89.52518463134766,8.199999809265137,56.869998931884766,45.946266174316406,437.4100036621094,31.27085304260254,16.594629287719727,16.56999969482422,131.60987854003906,318.1387023925781,272.9468994140625,598.9946899414062
2026-03-09,110.62000274658205,338.5191650390625,213.4900054931641,137.1699981689453,27.030000686645508,1354.461669921875,21.65999984741211,298.04998779296875,267.95001220703125,252.32000732421875,74.41000366210938,75.79927062988281,146.05807495117188,351.7977905273437,61.33000183105469,527.530029296875,829.5983276367188,47.380001068115234,128.85252380371094,306.1770935058594,21.67026710510254,45.58000183105469,38.84000015258789,247.4041290283203,480.4815673828125,640.6900024414062,211.1499938964844,6.630000114440918,646.836181640625,201.07000732421875,1059.8809814453125,218.72999572753903,389.1565246582031,94.94000244140624,182.427490234375,107.97093963623048,191.6600036621093,151.03250122070312,88.5199966430664,31.979999542236328,588.72998046875,336.1628723144531,676.4227294921875,373.67816162109375,347.72021484375,96.8000030517578,170.02999877929688,264.287109375,261.99169921875,259.6407775878906,115.9800033569336,1427.2783203125,195.2081298828125,408.5251770019531,137.60177612304688,121.38172149658205,318.836669921875,122.30999755859376,202.67999267578125,43.08885955810547,117.62999725341795,345.0262451171875,15.15999984741211,92.60364532470705,8.380000114440918,59.22999954223633,47.033573150634766,437.2200012207031,33.4346809387207,16.69405746459961,17.760000228881836,135.79161071777344,322.48895263671875,296.3280944824219,606.99462890625
2026-03-10,120.48999786376952,345.4505615234375,214.3300018310547,139.6199951171875,27.39999961853028,1380.385009765625,21.709999084472656,293.2900085449219,269.20001220703125,260.6400146484375,74.91999816894531,77.28123474121094,143.35643005371094,360.0649719238281,60.90999984741211,543.02001953125,838.69287109375,46.630001068115234,136.0115509033203,306.8567199707031,20.96481704711914,46.77999877929688,38.119998931884766,251.09329223632807,474.8384704589844,672.0,215.22999572753903,6.699999809265137,653.510498046875,201.2700042724609,1053.7132568359375,220.58999633789065,402.9407043457031,96.43000030517578,184.5449066162109,108.96946716308594,193.82000732421875,148.88002014160156,89.61000061035156,31.790000915527344,618.8900146484375,338.60137939453125,675.3356323242188,383.6208190917969,346.1147155761719,96.43000030517578,175.8000030517578,269.9957275390625,266.1506042480469,260.58990478515625,112.33000183105467,1451.087890625,196.46177673339844,404.8830871582031,134.70248413085938,122.52938079833984,317.9391174316406,116.4800033569336,203.22999572753903,43.806671142578125,120.5500030517578,341.86285400390625,15.460000038146973,93.25332641601562,8.680000305175781,59.59000015258789,44.95870971679688,432.6499938964844,33.424713134765625,17.211084365844727,16.579999923706055,136.47027587890625,316.5981140136719,300.65643310546875,607.004638671875
2026-03-11,127.01000213623048,350.6341247558594,212.6499938964844,138.22999572753906,28.520000457763672,1383.6578369140625,21.89999961853028,294.1600036621094,265.79998779296875,251.4100036621093,81.95999908447266,77.67908477783203,146.91542053222656,354.8094787597656,63.38999938964844,524.3300170898438,847.1377563476562,44.09000015258789,131.55836486816406,308.5157470703125,21.29270362854004,47.97999954223633,41.97999954223633,255.4023284912109,480.0320129394531,672.0,218.8699951171875,6.650000095367432,654.2998046875,200.6300048828125,1068.9527587890625,222.5500030517578,418.5141906738281,111.99500274658205,185.8134307861328,110.92658233642578,192.7400054931641,162.55226135253906,92.52999877929688,31.790000915527344,655.4299926757812,341.8793640136719,674.4879760742188,385.2978820800781,353.563720703125,95.44000244140624,178.8300018310547,268.1961669921875,268.73992919921875,260.5699157714844,115.91000366210938,1463.132568359375,197.6656494140625,404.0049743652344,133.62644958496094,123.38762664794922,318.3480224609375,124.70999908447266,204.8300018310547,43.7867317199707,120.0999984741211,340.85498046875,16.540000915527344,90.3947525024414,10.84000015258789,59.2400016784668,46.73431015014648,432.9800109863281,33.96317672729492,17.399999618530273,18.200000762939453,134.2746124267578,300.2235412597656,301.8759765625,606.9247436523438
2026-03-12,106.19000244140624,336.8512268066406,209.52999877929688,134.02999877929688,27.479999542236328,1348.63427734375,20.989999771118164,290.32000732421875,264.8900146484375,241.2700042724609,79.86000061035156,77.3210220336914,149.4475860595703,347.67919921875,63.29999923706055,512.7999877929688,831.6071166992188,41.59000015258789,129.5714111328125,303.3687744140625,21.44174194335937,45.25,41.369998931884766,252.08306884765625,488.8641052246094,616.0900268554688,209.4900054931641,6.440000057220459,637.6340942382812,191.92999267578125,1031.817138671875,215.94000244140625,405.1797790527344,108.04000091552734,182.9268035888672,107.7113265991211,184.58999633789065,158.60606384277344,89.77999877929688,30.89999961853028,618.8200073242188,329.9866943359375,664.2459106445312,373.3287658691406,335.7638854980469,90.54000091552734,167.80999755859375,265.3168640136719,261.1119079589844,255.52456665039065,111.56999969482422,1407.773193359375,189.0892333984375,400.9914855957031,130.66737365722656,119.86483001708984,306.4306335449219,119.9000015258789,197.7400054931641,41.22361755371094,115.12000274658205,335.2667236328125,16.239999771118164,87.62613677978516,9.979999542236328,57.68999862670898,46.23554611206055,418.7200012207031,33.1455078125,17.149999618530273,16.969999313354492,131.21066284179688,301.08221435546875,286.50177001953125,596.5078735351562
2026-03-13,96.80999755859376,341.10595703125,207.6699981689453,133.57000732421875,27.049999237060547,1342.757080078125,21.5,287.0299987792969,263.4599914550781,242.759994506836,81.11000061035156,77.90784454345703,151.15231323242188,354.4205627441406,63.45000076293945,502.1400146484375,804.5335083007812,41.86000061035156,128.9224090576172,302.0995483398437,21.44174194335937,45.77000045776367,41.58000183105469,250.5933990478516,492.3630676269531,622.5,212.1999969482422,6.639999866485596,613.1849975585938,188.5399932861328,1050.48974609375,217.8000030517578,425.9510803222656,112.9499969482422,180.0401611328125,109.76829528808594,189.52999877929688,154.5701446533203,94.01000213623048,30.75,661.6199951171875,331.1159973144531,660.4862060546875,383.0418090820313,337.359375,90.63999938964844,172.57000732421875,258.81842041015625,272.2190246582031,249.8897705078125,117.69000244140624,1416.8316650390625,189.81553649902344,394.6951293945313,129.34228515625,123.0083999633789,305.23394775390625,120.30999755859376,193.38999938964844,42.94168472290039,115.75,321.4856262207031,16.489999771118164,87.8160400390625,10.100000381469728,58.54999923706055,47.33283233642578,412.6300048828125,32.77655792236328,17.229999542236328,16.700000762939453,133.6558380126953,301.3018493652344,286.3118896484375,592.9722900390625
2026-03-16,94.06999969482422,345.7501525878906,211.7400054931641,135.35000610351562,27.709999084472656,1372.5621337890625,21.520000457763672,292.7200012207031,270.5299987792969,247.3699951171875,85.86000061035156,78.47477722167969,156.05712890625,360.0450134277344,64.44999694824219,512.8200073242188,826.8699951171875,43.77000045776367,131.84793090820312,305.3775939941406,21.71001243591309,45.7599983215332,44.93999862670898,257.9417419433594,495.842041015625,624.8400268554688,219.3999938964844,6.690000057220459,627.4500122070312,197.9499969482422,1075.250244140625,224.9199981689453,441.6144714355469,129.85000610351562,183.0067138671875,114.13186645507812,194.63999938964844,155.42715454101562,92.77999877929688,31.86000061035156,703.6300048828125,337.6219787597656,667.2078857421875,398.0855712890625,339.2740173339844,96.51000213623048,185.4199981689453,264.677001953125,286.1353759765625,252.58729553222656,116.87999725341795,1436.4066162109375,193.1486053466797,399.0856323242188,128.9138641357422,125.7128677368164,310.0707092285156,127.4800033569336,196.5800018310547,44.57984161376953,121.6999969482422,324.2398681640625,16.969999313354492,91.5341796875,10.489999771118164,59.880001068115234,46.65451049804688,425.8800048828125,33.36488342285156,17.3799991607666,18.34000015258789,136.5301513671875,305.10595703125,298.1573791503906,599.6239013671875
2026-03-17,86.33000183105469,352.0223693847656,215.1999969482422,133.07000732421875,27.51000022888184,1386.1324462890625,21.82999992370605,293.75,281.95001220703125,245.8000030517578,82.12000274658203,78.8427734375,152.53802490234375,362.947021484375,65.38999938964844,500.0199890136719,844.0499877929688,43.25,129.69122314453125,310.7344055175781,21.531164169311523,44.060001373291016,42.959999084472656,262.290771484375,492.49261474609375,649.5599975585938,226.47000122070312,6.809999942779541,622.6599731445312,196.08999633789065,1064.53173828125,221.2899932861328,461.4961242675781,116.33000183105467,181.7182006835937,114.541259765625,196.6100006103516,154.151611328125,93.5,31.51000022888184,720.1699829101562,340.25,668.9630126953125,420.3567199707031,345.9800109863281,97.54000091552734,196.3300018310547,268.4100036621094,313.72821044921875,253.99598693847656,104.05999755859376,1479.461669921875,193.46697998046875,398.5467834472656,131.1057586669922,125.92243957519533,312.8031921386719,127.56999969482422,196.3099975585937,46.28791809082031,127.30999755859376,320.63739013671875,16.420000076293945,90.74457550048828,9.81999969482422,60.97999954223633,47.51239013671875,429.2900085449219,33.693946838378906,17.68000030517578,17.889999389648438,134.8534698486328,307.2126770019531,299.2869567871094,602.5502319335938
2026-03-18,92.62999725341795,349.0361022949219,209.8699951171875,136.07000732421875,26.64999961853028,1352.216552734375,21.65999984741211,289.6400146484375,273.5799865722656,257.2099914550781,82.81999969482422,77.18177795410156,148.749755859375,359.5464172363281,63.45000076293945,500.4299926757813,858.469970703125,42.470001220703125,129.66127014160156,307.5063171386719,21.39206314086914,45.02999877929688,42.209999084472656,258.6116027832031,487.0299072265625,700.8099975585938,224.7100067138672,6.559999942779541,615.6799926757812,200.4199981689453,1073.14453125,218.88999938964844,461.5361328125,118.55999755859376,180.1899871826172,120.09307861328124,201.8800048828125,152.36782836914062,93.31999969482422,30.350000381469727,753.6900024414062,338.2900085449219,659.6285400390625,406.0616455078125,339.57000732421875,95.30999755859376,191.83999633789065,264.7099914550781,304.8205261230469,249.7099456787109,101.72000122070312,1480.470458984375,189.81553649902344,390.9432678222656,129.98988342285156,125.14403533935548,307.7470397949219,126.33999633789062,199.4600067138672,46.81732177734375,128.36000061035156,315.2686462402344,16.350000381469727,87.57616424560547,9.0600004196167,60.459999084472656,45.966217041015625,428.6700134277344,33.135536193847656,17.489999771118164,16.780000686645508,127.5578842163086,316.7279052734375,299.95672607421875,594.15087890625
2026-03-19,101.91999816894533,356.7664794921875,208.759994506836,136.25999450683594,26.700000762939453,1363.4119873046875,21.89999961853028,287.3999938964844,284.29998779296875,275.57000732421875,80.66000366210938,78.08687591552734,156.27645874023438,359.2372741699219,65.79000091552734,540.75,877.3900146484375,43.36000061035156,132.87635803222656,306.9466552734375,21.9782829284668,46.18000030517578,41.65999984741211,265.2500915527344,488.2560119628906,772.1300048828125,233.9900054931641,6.760000228881836,606.7000122070312,200.8699951171875,1090.5096435546875,224.5399932861328,444.08343505859375,121.5199966430664,178.3521270751953,122.39968872070312,209.4600067138672,154.97872924804688,94.62000274658205,30.790000915527344,772.0900268554688,340.20001220703125,658.0029907226562,433.84320068359375,338.7900085449219,97.08000183105467,190.1300048828125,269.1700134277344,316.8473815917969,248.73085021972656,107.08999633789062,1509.59326171875,187.338119506836,388.1792297363281,130.79690551757812,127.23974609375,309.5920104980469,126.16000366210938,205.2700042724609,48.07590866088867,129.82000732421875,319.17047119140625,16.479999542236328,89.4852066040039,9.170000076293944,59.290000915527344,46.51485824584961,428.25,32.32783889770508,17.729999542236328,17.059999465942383,130.39227294921875,315.97906494140625,302.28582763671875,592.273193359375
2026-03-20,87.54000091552734,356.6166687011719,205.3699951171875,131.22000122070312,25.93000030517578,1314.379150390625,21.309999465942383,283.8999938964844,269.1000061035156,253.6300048828125,81.47000122070312,77.23151397705078,157.18365478515625,355.8166809082031,61.63999938964844,506.2699890136719,851.0700073242188,43.08000183105469,124.3893585205078,300.8203125,21.5510368347168,43.869998931884766,41.290000915527344,253.5727386474609,486.6112365722656,706.3499755859375,228.3600006103516,6.489999771118164,593.6599731445312,196.5500030517578,1066.71728515625,218.9600067138672,422.722412109375,117.62000274658205,172.4989471435547,116.1289291381836,200.1699981689453,149.15904235839844,91.6999969482422,20.530000686645508,709.7100219726562,332.510009765625,648.5700073242188,410.513916015625,329.239990234375,91.54000091552734,164.5399932861328,255.8800048828125,293.02362060546875,247.76173400878903,103.4000015258789,1496.7596435546875,186.24368286132807,381.0447082519531,129.42198181152344,123.50737762451172,308.5847473144531,116.04000091552734,201.3300018310547,45.75851440429688,132.35000610351562,309.8600158691406,15.8100004196167,87.86602020263672,8.75,59.2599983215332,46.33530044555664,420.3200073242188,30.772274017333984,16.649999618530273,16.31999969482422,126.48999786376952,281.55255126953125,290.7201843261719,581.3269653320312
2026-03-23,95.76000213623048,361.3407897949219,210.13999938964844,135.8800048828125,27.26000022888184,1366.635009765625,21.68000030517578,292.5199890136719,286.9800109863281,255.0500030517578,81.95999908447266,78.39520263671875,164.08230590820312,358.74859619140625,65.04000091552734,546.469970703125,882.6400146484375,43.959999084472656,130.7695770263672,301.87969970703125,22.177000045776367,44.0099983215332,42.15999984741211,266.19989013671875,476.5430603027344,728.9500122070312,233.3099975585937,6.769999980926514,604.0599975585938,211.47000122070312,1074.2022705078125,229.259994506836,404.1802062988281,114.1500015258789,175.43553161621094,120.82201385498048,209.7899932861328,153.80282592773438,93.3499984741211,21.57999992370605,702.489990234375,336.5899963378906,655.3800048828125,403.3164367675781,338.45001220703125,101.41999816894533,173.07000732421875,256.0,294.7131652832031,251.25851440429688,105.0999984741211,1509.50341796875,187.6764068603516,382.1722717285156,127.87769317626952,123.4774398803711,311.33721923828125,123.87000274658205,202.67999267578125,46.06816482543945,136.88999938964844,322.510009765625,16.579999923706055,90.1148910522461,9.18000030517578,59.88999938964844,47.4625129699707,432.4800109863281,31.56999969482422,17.459999084472656,16.600000381469727,130.6699981689453,289.3105163574219,303.8052673339844,588.0
2026-03-24,113.9000015258789,373.525634765625,207.2400054931641,130.8000030517578,26.790000915527344,1396.3701171875,21.530000686645508,284.32000732421875,301.5199890136719,272.3299865722656,83.0199966430664,80.42420959472656,176.3643035888672,373.0690307617188,69.0999984741211,600.9099731445312,909.4099731445312,46.08000183105469,141.7926788330078,290.2666320800781,23.89999961853028,44.060001373291016,41.119998931884766,277.3173828125,478.3274230957031,801.989990234375,238.83999633789065,6.789999961853027,592.9199829101562,228.5800018310547,1099.3919677734375,237.22999572753903,395.3639221191406,114.91000366210938,174.99603271484375,125.42523193359376,219.4600067138672,146.57806396484375,92.69000244140624,22.229999542236328,702.47998046875,341.0199890136719,653.1799926757812,424.2200012207031,343.25,106.98999786376952,180.5,270.8900146484375,300.9715270996094,251.4083709716797,100.3000030517578,1564.1934814453125,193.6460723876953,371.9344177246094,128.19650268554688,118.3978271484375,320.95086669921875,121.76000213623048,205.3699951171875,50.20351028442383,134.9600067138672,318.2900085449219,16.850000381469727,92.31378936767578,9.279999732971191,62.34000015258789,50.68453598022461,415.6199951171875,31.950000762939453,18.26000022888184,16.670000076293945,127.95999908447266,294.3926086425781,320.0191650390625,583.97998046875
2026-03-25,114.41000366210938,368.8814086914063,211.7100067138672,135.00999450683594,28.3700008392334,1390.85205078125,22.39999961853028,281.3900146484375,302.2200012207031,272.0400085449219,87.58000183105469,81.38898468017578,183.44239807128903,373.966552734375,70.0199966430664,612.030029296875,923.6900024414062,46.7400016784668,146.1260528564453,290.7563171386719,25.780000686645508,47.18000030517578,41.43000030517578,283.176025390625,490.78802490234375,777.1699829101562,233.4499969482422,6.96999979019165,594.8900146484375,232.88999938964844,1116.427978515625,245.0399932861328,381.9295654296875,115.08999633789062,178.47198486328125,126.82317352294922,221.0399932861328,145.5117950439453,95.93000030517578,24.049999237060547,677.8599853515625,345.25,656.8200073242188,413.2200012207031,347.75,108.0,186.0,276.1600036621094,296.0628356933594,252.3874664306641,103.91000366210938,1541.85205078125,195.77525329589844,370.2381286621094,129.87033081054688,110.7035675048828,321.1503295898437,120.33000183105467,220.2700042724609,49.87388229370117,157.07000732421875,318.8099975585937,17.049999237060547,98.40074157714844,9.479999542236328,63.09999847412109,51.86162185668945,410.1300048828125,33.41999816894531,18.290000915527344,18.5,128.72999572753906,302.8494873046875,323.2379150390625,587.8200073242188
2026-03-26,97.41999816894533,338.129638671875,207.5399932861328,122.5500030517578,25.71500015258789,1326.6024169921875,21.43000030517578,280.6199951171875,273.3800048828125,243.2899932861328,80.44999694824219,81.71720886230469,175.27767944335938,356.1158752441406,64.76000213623047,549.7000122070312,873.1199951171875,44.56999969482422,135.11293029785156,280.7523193359375,25.06999969482422,44.09999847412109,37.45000076293945,264.0903625488281,493.9280700683594,688.7999877929688,211.6199951171875,6.760000228881836,547.5399780273438,215.8099975585937,1056.16845703125,228.5,355.31072998046875,105.97000122070312,171.04066467285156,118.26577758789062,204.75,142.31295776367188,91.44000244140624,22.209999084472656,603.1699829101562,328.8500061035156,645.0900268554688,378.7900085449219,326.1099853515625,95.93000030517578,157.9600067138672,252.3999938964844,273.2787475585937,252.6572265625,96.44000244140624,1449.2802734375,192.4322509765625,365.1790771484375,130.0596160888672,111.00296020507812,312.5638732910156,113.6050033569336,203.7700042724609,45.08926773071289,154.8000030517578,309.4200134277344,15.789999961853027,97.6311264038086,9.020000457763672,60.869998931884766,49.92641067504883,401.9500122070313,32.90999984741211,17.469999313354492,16.81999969482422,123.12999725341795,294.7320861816406,297.2277526855469,573.7899780273438
2026-03-27,98.20999908447266,336.7513732910156,199.33999633789065,120.7699966430664,23.76000022888184,1299.63134765625,21.5,271.7699890136719,280.2200012207031,243.47999572753903,74.80999755859375,79.48927307128906,171.280029296875,356.3751525878906,64.80000305175781,551.969970703125,853.1599731445312,42.93999862670898,136.6006317138672,274.1762390136719,23.940000534057617,43.130001068115234,35.09000015258789,261.0410461425781,489.5718688964844,702.72998046875,211.4100036621093,6.670000076293945,525.719970703125,213.9600067138672,1050.908935546875,225.44000244140625,357.07000732421875,100.81999969482422,167.32498168945312,116.80792999267578,204.22999572753903,139.17391967773438,89.7300033569336,21.96999931335449,615.8300170898438,323.4800109863281,634.0900268554688,380.0700073242188,326.739990234375,95.47000122070312,153.02000427246094,251.07000732421875,275.2682189941406,248.57098388671875,95.23999786376952,1441.3702392578125,189.3678131103516,355.9989318847656,126.64225006103516,109.83534240722656,306.6001892089844,112.47000122070312,201.9900054931641,44.40004348754883,144.1300048828125,300.67999267578125,15.06999969482422,94.83252716064452,8.279999732971191,58.34999847412109,49.37776947021485,380.4700012207031,32.540000915527344,17.020000457763672,15.4399995803833,123.62000274658205,301.0223083496094,295.4983825683594,562.5800170898438
2026-03-30,85.19000244140625,322.71881103515625,200.9499969482422,116.12999725341795,20.545000076293945,1251.22705078125,20.88999938964844,270.8800048828125,257.2699890136719,219.6499938964844,69.1500015258789,76.62479400634766,164.152099609375,342.5832824707031,60.56999969482422,491.8800048828125,817.3499755859375,41.380001068115234,128.35328674316406,273.33673095703125,22.61000061035156,41.18999862670898,31.6200008392334,247.4241180419922,497.6862182617188,654.7899780273438,199.92999267578125,6.389999866485596,536.3800048828125,202.17999267578125,1000.3400268554688,209.4900054931641,321.79998779296875,92.26000213623048,164.97772216796875,112.58414459228516,189.2700042724609,138.31692504882812,79.7300033569336,21.059999465942383,572.5,309.7900085449219,631.969970703125,362.4299926757813,316.5,88.29000091552734,142.22000122070312,234.22000122070312,251.6044006347656,246.40298461914065,87.80999755859375,1380.817626953125,185.47756958007807,358.1842041015625,126.60240173339844,105.23474884033205,302.2720642089844,100.2699966430664,196.0399932861328,41.20363998413086,136.9600067138672,293.4100036621094,13.90999984741211,87.76606750488281,7.829999923706055,55.65999984741211,47.76177215576172,383.1400146484375,31.31999969482422,16.559999465942383,14.800000190734863,119.1500015258789,298.1467590332031,276.24566650390625,558.280029296875
2026-03-31,84.58999633789062,341.3656311035156,208.2700042724609,122.77999877929688,23.739999771118164,1317.9512939453125,21.68000030517578,277.8699951171875,281.67999267578125,238.2100067138672,77.47000122070312,77.17182922363281,163.6237335205078,356.684326171875,65.45999908447266,521.52001953125,872.9000244140625,44.47999954223633,135.76193237304688,287.3883361816406,23.809999465942383,44.130001068115234,34.279998779296875,265.5700378417969,494.1972351074219,702.760009765625,213.6600036621093,6.949999809265137,572.1300048828125,216.7100067138672,1093.3499755859375,222.07000732421875,337.8399963378906,103.76000213623048,174.1969757080078,118.10601043701172,205.07000732421875,146.59799194335938,86.02999877929688,22.770000457763672,635.3400268554688,328.6600036621094,650.3400268554688,391.760009765625,337.95001220703125,97.41999816894533,161.0,250.5800018310547,270.41949462890625,253.556381225586,93.87000274658205,1470.533203125,193.15855407714844,369.3699951171875,128.3061065673828,112.060791015625,317.2709655761719,109.5999984741211,203.42999267578125,44.97938919067383,151.27999877929688,309.510009765625,14.960000038146973,99.0004425048828,8.770000457763672,61.91999816894531,51.07357406616211,396.4800109863281,34.54999923706055,18.0,16.31999969482422,126.3499984741211,278.8168029785156,296.3480529785156,577.1799926757812
2026-04-01,86.3499984741211,353.3606872558594,210.57000732421875,124.8499984741211,24.489999771118164,1356.7965087890625,22.479999542236328,280.19000244140625,288.7300109863281,247.8000030517578,78.44000244140625,77.51000213623047,168.85752868652344,364.5525512695313,68.23999786376953,534.97998046875,894.780029296875,44.2400016784668,142.16212463378906,297.2124938964844,23.979999542236328,48.02999877929688,34.09000015258789,271.8985900878906,492.2733154296875,764.6500244140625,222.009994506836,7.070000171661377,579.22998046875,222.97000122070312,1119.510009765625,229.3600006103516,367.8500061035156,101.9499969482422,175.54541015625,121.08163452148438,211.72000122070312,144.7245330810547,89.94999694824219,22.51000022888184,692.72998046875,338.5400085449219,655.239990234375,423.1199951171875,341.489990234375,97.08000183105467,158.16000366210938,259.3699951171875,297.65240478515625,255.3946990966797,95.91999816894533,1517.902587890625,195.30763244628903,368.57171630859375,126.8116226196289,116.74121856689452,319.70428466796875,106.33000183105467,210.2100067138672,46.43775177001953,155.07000732421875,313.489990234375,15.300000190734863,106.65660858154295,8.539999961853027,62.20000076293945,52.24068069458008,396.739990234375,34.52000045776367,18.40999984741211,16.450000762939453,127.6999969482422,279.0264587402344,312.0821533203125,584.3099975585938
2026-04-02,103.91000366210938,348.0373229980469,209.7700042724609,126.68000030517578,24.559999465942383,1314.359130859375,22.280000686645508,278.7200012207031,294.8399963378906,258.1600036621094,82.23999786376953,79.0199966430664,173.83213806152344,360.1048583984375,68.58999633789062,557.969970703125,898.5700073242188,43.75,147.69363403320312,295.59344482421875,24.61000061035156,50.380001068115234,34.77000045776367,268.4893493652344,501.01568603515625,826.8800048828125,218.44000244140625,6.989999771118164,574.4600219726562,219.32000732421875,1118.489990234375,238.3000030517578,366.239990234375,108.81999969482422,177.18348693847656,117.78648376464844,215.52999877929688,145.87054443359375,93.02999877929688,23.21999931335449,701.5900268554688,339.6099853515625,655.8300170898438,429.3599853515625,339.0400085449219,97.4800033569336,155.63999938964844,261.2900085449219,294.89312744140625,255.68443298339844,101.4499969482422,1514.906494140625,193.8848571777344,372.6528625488281,126.3333969116211,113.6675033569336,317.47039794921875,117.13999938964844,217.5,46.64751434326172,149.11000061035156,314.54998779296875,16.229999542236328,107.05641174316406,8.800000190734863,62.18999862670898,52.24068069458008,395.9500122070313,34.31999969482422,18.57999992370605,17.469999313354492,128.0,272.39678955078125,309.4931030273437,584.97998046875
2026-04-06,107.4499969482422,352.1821594238281,212.7899932861328,126.25,25.190000534057617,1301.16796875,22.549999237060547,279.3900146484375,292.29998779296875,253.22000122070312,80.94000244140625,80.44000244140625,172.6457977294922,362.8871765136719,67.69999694824219,554.3499755859375,897.3599853515625,43.61000061035156,146.27581787109375,299.8109130859375,24.57999992370605,50.77999877929688,35.130001068115234,267.4096069335937,497.8955383300781,772.280029296875,220.6499938964844,6.630000114440918,573.02001953125,214.8800048828125,1180.030029296875,233.0399932861328,377.760009765625,112.54000091552734,177.43319702148438,117.23729705810548,221.1699981689453,145.033447265625,92.22000122070312,22.049999237060547,724.6300048828125,344.1000061035156,658.9299926757812,453.2999877929688,341.760009765625,95.6999969482422,155.7100067138672,258.7300109863281,304.0707092285156,258.6217041015625,102.45999908447266,1538.096923828125,198.411849975586,372.0741271972656,125.267333984375,116.35201263427734,326.4657592773437,117.98999786376952,220.17999267578125,46.977142333984375,148.77000427246094,314.42999267578125,16.290000915527344,109.45521545410156,8.835000038146973,63.4900016784668,51.3129768371582,397.0700073242188,35.439998626708984,18.76000022888184,18.049999237060547,126.48999786376952,274.733154296875,315.3109130859375,588.5
2026-04-07,117.63999938964844,353.8700866699219,213.7700042724609,133.63999938964844,25.18000030517578,1303.6026611328125,22.190000534057617,279.4800109863281,297.3399963378906,255.1000061035156,85.23999786376953,80.68000030517578,177.14190673828125,367.83349609375,68.20999908447266,557.719970703125,910.75,43.93000030517578,148.292724609375,305.27764892578125,24.6299991607666,52.90999984741211,35.7400016784668,272.78839111328125,493.0309143066406,815.75,224.3500061035156,6.809999942779541,575.0499877929688,214.0,1191.219970703125,236.9900054931641,377.5799865722656,117.4000015258789,177.89266967773438,118.7450714111328,219.1100006103516,142.6717071533203,91.87000274658205,22.670000076293945,710.7999877929688,347.760009765625,659.219970703125,468.7200012207031,345.32000732421875,99.29000091552734,159.8300018310547,262.29998779296875,311.8786926269531,253.26666259765625,106.79000091552734,1546.8756103515625,198.7302398681641,371.48541259765625,123.61344146728516,116.77115631103516,326.5156555175781,118.98999786376952,221.52999877929688,47.56647872924805,143.86000061035156,333.9700012207031,16.829999923706055,109.32527160644533,8.569999694824219,63.790000915527344,51.48255920410156,397.8999938964844,35.68000030517578,18.979999542236328,18.93000030517578,128.3800048828125,272.1571350097656,320.3590087890625,588.5900268554688
2026-04-08,132.6999969482422,385.2410888671875,221.25,145.07000732421875,27.790000915527344,1417.9530029296875,24.13999938964844,289.5,320.70001220703125,281.7900085449219,88.9000015258789,83.69999694824219,184.8979034423828,384.5173645019531,73.19000244140625,610.1799926757812,936.0700073242188,47.79999923706055,164.84735107421875,317.1305847167969,24.979999542236328,58.95000076293945,36.83000183105469,287.0751953125,498.9023742675781,896.02001953125,246.4900054931641,7.090000152587891,612.4199829101562,234.83999633789065,1312.93994140625,247.0,406.7300109863281,125.0,181.8680419921875,126.92302703857422,240.4900054931641,143.16000366210938,101.43000030517578,23.3700008392334,780.9000244140625,370.3999938964844,676.010009765625,496.2999877929688,365.8999938964844,105.8499984741211,179.99000549316406,281.0299987792969,338.6916809082031,258.66168212890625,110.20999908447266,1670.208251953125,207.84393310546875,373.52099609375,127.04077911376952,121.50148010253906,345.2642822265625,125.45999908447266,231.82000732421875,52.361083984375,148.91000366210938,350.6300048828125,17.65999984741211,114.39273834228516,9.550000190734863,68.37999725341797,53.756927490234375,410.1600036621094,37.97999954223633,20.489999771118164,20.559999465942383,135.32000732421875,283.8290100097656,358.1547546386719,606.0900268554688
2026-04-09,133.3000030517578,397.3160705566406,233.6499938964844,146.0500030517578,25.56999969482422,1445.4827880859375,24.51000022888184,281.010009765625,328.3299865722656,284.1700134277344,92.0,83.16999816894531,180.9002685546875,399.33642578125,75.01000213623047,618.260009765625,968.02001953125,48.70000076293945,169.5401611328125,318.29986572265625,24.82999992370605,61.720001220703125,37.060001373291016,292.9538269042969,501.7134704589844,894.1300048828125,258.760009765625,7.480000019073486,628.3900146484375,241.5200042724609,1334.2099609375,247.7100067138672,421.510009765625,136.3300018310547,183.69590759277344,128.4407958984375,246.9600067138672,137.86000061035156,105.58000183105467,23.21999931335449,851.5700073242188,378.6300048828125,679.9099731445312,500.7699890136719,365.489990234375,107.52999877929688,184.9199981689453,287.6400146484375,337.7919311523437,260.2502136230469,107.93000030517578,1725.0582275390625,213.8931884765625,372.26373291015625,127.27989959716795,126.7407684326172,350.40020751953125,129.4600067138672,236.63999938964844,55.07802581787109,149.7949981689453,354.9100036621094,17.979999542236328,119.8699951171875,9.420000076293944,68.48999786376953,54.40532684326172,404.9200134277344,39.13999938964844,21.32999992370605,24.43000030517578,137.67999267578125,279.81524658203125,364.0724792480469,610.1900024414062
2026-04-10,150.60000610351562,398.9939880371094,238.3800048828125,147.35000610351562,26.26000022888184,1475.0582275390625,24.84000015258789,265.6600036621094,351.3099975585937,307.5,102.0,82.22000122070312,177.25155639648438,401.8893737792969,76.73999786376953,662.1300048828125,991.3200073242188,48.93000030517578,170.97796630859375,317.0506286621094,24.88999938964844,62.380001068115234,39.31999969482422,299.432373046875,501.5639343261719,897.2999877929688,263.6600036621094,7.440000057220459,629.8599853515625,241.4600067138672,1353.8499755859375,258.1099853515625,420.5899963378906,144.97000122070312,188.4104156494141,130.36795043945312,257.1400146484375,138.08999633789062,110.44000244140624,25.26000022888184,851.77001953125,386.6000061035156,679.4600219726562,503.1300048828125,370.6000061035156,121.48999786376952,185.6100006103516,295.1099853515625,343.3404846191406,260.240234375,119.58999633789062,1735.0655517578125,213.6444549560547,370.0684814453125,127.58875274658205,126.45135498046876,349.1835632324219,149.0500030517578,245.0399932861328,57.89485931396485,148.92999267578125,371.5499877929688,18.31999969482422,128.49000549316406,9.539999961853027,68.6500015258789,54.39534759521485,392.239990234375,39.47999954223633,22.46999931335449,23.21999931335449,140.75,286.0555725097656,367.85107421875,611.0700073242188
2026-04-13,153.19000244140625,395.2386779785156,239.88999938964844,152.02000427246094,27.600000381469727,1496.9302978515625,26.549999237060547,288.20001220703125,365.4599914550781,307.92999267578125,110.2699966430664,82.3499984741211,189.2045745849609,402.2483825683594,78.30999755859375,689.8900146484375,991.1199951171876,49.02999877929688,174.9019317626953,321.1181945800781,24.809999465942383,65.18000030517578,43.06999969482422,305.3010559082031,507.2658996582031,871.1799926757812,267.32000732421875,7.789999961853027,634.530029296875,256.989990234375,1372.22998046875,263.6300048828125,426.55999755859375,154.55999755859375,189.0896148681641,132.96412658691406,252.6100006103516,155.6199951171875,113.16000366210938,25.96999931335449,952.5,393.3399963378906,686.0999755859375,513.280029296875,369.5700073242188,123.48999786376952,186.22000122070312,299.9599914550781,350.0687255859375,258.96142578125,134.36000061035156,1766.525390625,215.6144561767578,383.539306640625,130.75706481933594,125.74280548095705,349.0539245605469,166.7949981689453,246.8300018310547,60.3720703125,157.5800018310547,379.75,18.709999084472656,131.3000030517578,9.81999969482422,71.0199966430664,53.24818801879883,417.7699890136719,40.31999969482422,22.84000015258789,24.14999961853028,145.27000427246094,291.2674560546875,369.9902648925781,617.3900146484375
2026-04-14,146.38999938964844,395.1487731933594,249.0200042724609,154.3699951171875,31.46999931335449,1514.990966796875,26.8700008392334,292.3699951171875,384.3500061035156,313.4200134277344,117.1999969482422,82.61000061035156,183.9408569335937,400.79241943359375,80.13999938964844,681.6799926757812,987.5,48.40999984741211,172.5555419921875,332.7112731933594,24.46999931335449,63.810001373291016,47.369998931884766,305.9009094238281,498.0749816894531,852.7899780273438,272.4100036621094,7.800000190734863,662.489990234375,253.6600036621093,1363.4200439453125,263.9200134277344,465.6600036621094,161.94000244140625,196.2812347412109,134.2821807861328,261.5899963378906,163.0,121.7300033569336,27.200000762939453,944.4600219726562,401.239990234375,694.4600219726562,533.4400024414062,379.8900146484375,120.73999786376952,190.1000061035156,310.510009765625,366.1245422363281,258.5917358398437,159.52000427246094,1793.6207275390625,217.7635192871093,392.2604064941406,132.35116577148438,129.8843231201172,347.64776611328125,170.60000610351562,255.07000732421875,61.25108337402344,161.22000122070312,380.7799987792969,18.68000030517578,133.8300018310547,9.869999885559082,72.05000305175781,53.896583557128906,418.7999877929688,40.900001525878906,23.1299991607666,23.0,148.72000122070312,296.1498718261719,365.37200927734375,628.5999755859375
2026-04-15,142.5500030517578,393.7704772949219,248.5,154.3300018310547,30.809999465942383,1478.54052734375,27.229999542236328,304.1000061035156,381.9400024414063,308.20001220703125,118.69000244140624,82.36000061035156,176.733154296875,393.9712524414063,78.43000030517578,685.8099975585938,985.9199829101562,48.310001373291016,168.0124969482422,336.91876220703125,24.6200008392334,64.94000244140625,48.81999969482422,304.88116455078125,496.370361328125,824.010009765625,265.1600036621094,8.59000015258789,671.5800170898438,238.13999938964844,1353.0,261.1600036621094,456.2300109863281,166.77000427246094,198.63848876953125,131.18675231933594,258.8999938964844,169.80999755859375,120.0199966430664,27.290000915527344,891.719970703125,401.8599853515625,699.9400024414062,519.5999755859375,375.1000061035156,116.5999984741211,194.1999969482422,301.1600036621094,364.9048767089844,266.18475341796875,168.35000610351562,1745.8817138671875,215.19656372070312,410.3312683105469,132.56039428710938,138.74620056152344,346.98956298828125,172.08999633789062,258.1199951171875,59.65288162231445,159.33999633789062,396.7200012207031,19.07999992370605,134.60000610351562,10.260000228881836,72.43000030517578,54.7345085144043,438.4500122070313,40.68000030517578,23.76000022888184,23.89999961853028,146.97999572753906,294.2727966308594,364.82220458984375,637.4000244140625
2026-04-16,157.32000732421875,389.4158935546875,249.6999969482422,161.00999450683594,30.09000015258789,1407.755126953125,27.600000381469727,306.9599914550781,382.3200073242188,328.0,119.55999755859376,84.5,192.494384765625,391.647705078125,79.91999816894531,672.6400146484375,978.3200073242188,50.38999938964844,165.8258514404297,335.81939697265625,25.88999938964844,68.5,47.70000076293945,310.0299987792969,497.6463317871094,891.219970703125,260.9599914550781,8.510000228881836,676.8699951171875,235.25,1402.81005859375,261.4200134277344,457.2300109863281,165.33999633789062,198.1190948486328,129.50921630859375,267.1499938964844,178.33999633789062,120.02999877929688,28.39999961853028,919.469970703125,405.9500122070313,701.6599731445312,531.8099975585938,363.3500061035156,116.93000030517578,203.1000061035156,294.1300048828125,361.5957336425781,263.15753173828125,158.92999267578125,1732.6385498046875,221.9721527099609,419.3517456054688,133.9751739501953,136.72035217285156,352.8335266113281,170.80999755859375,278.260009765625,62.82930755615234,162.3300018310547,398.4700012207031,19.440000534057617,133.3699951171875,12.369999885559082,79.93000030517578,55.91159439086914,441.1499938964844,41.56999969482422,26.25,26.540000915527344,148.9600067138672,298.67596435546875,365.7818603515625,640.469970703125
2026-04-17,159.4199981689453,396.4471435546875,250.5599975585937,164.22999572753906,31.530000686645508,1456.6185302734375,28.59000015258789,311.0299987792969,396.010009765625,345.0199890136719,116.8499984741211,86.25,195.9437255859375,405.0905151367188,81.83000183105469,689.8900146484375,1002.75,54.75,164.12844848632812,341.4760437011719,26.440000534057617,68.5,48.119998931884766,321.61737060546875,490.6783752441406,894.0700073242188,267.6000061035156,8.569999694824219,688.5499877929688,243.7100067138672,1468.3499755859375,276.9700012207031,455.0700073242188,157.13999938964844,201.44520568847656,134.49188232421875,290.760009765625,175.05999755859375,126.93000030517578,28.559999465942383,920.989990234375,415.7099914550781,710.1400146484375,547.75,370.5,126.23999786376952,218.0500030517578,307.3399963378906,372.4228820800781,269.98126220703125,160.69000244140625,1789.1563720703125,228.6581878662109,421.8762817382813,135.69879150390625,139.42483520507812,370.4353637695313,174.0500030517578,278.3900146484375,67.2942886352539,166.72999572753906,406.5400085449219,19.850000381469727,139.69000244140625,12.31999969482422,83.01000213623047,58.50517654418945,449.5799865722656,44.220001220703125,25.920000076293945,25.559999465942383,151.05999755859375,295.75048828125,380.23638916015625,648.8499755859375
2026-04-20,163.47000122070312,391.1337585449219,248.27999877929688,166.85000610351562,32.189998626708984,1473.2821044921875,29.280000686645508,318.5,401.1199951171875,347.510009765625,117.43000030517578,87.70999908447266,203.6100006103516,406.4468078613281,84.27999877929688,700.010009765625,990.1799926757812,58.7599983215332,165.12692260742188,337.2185974121094,27.809999465942383,65.69999694824219,48.720001220703125,330.2054138183594,496.5797119140625,895.1099853515625,263.1600036621094,8.670000076293945,670.9099731445312,251.5,1490.8599853515625,281.0799865722656,448.4200134277344,159.16000366210938,201.82476806640625,135.60025024414062,295.0899963378906,177.5800018310547,126.87000274658205,28.809999465942383,913.02001953125,417.5499877929688,708.719970703125,539.75,366.239990234375,125.80999755859376,224.8099975585937,314.4100036621094,374.0124816894531,272.79864501953125,174.52999877929688,1803.0186767578125,232.5185546875,417.1664733886719,137.01394653320312,138.41688537597656,380.0090942382813,175.8000030517578,274.95001220703125,69.3619613647461,175.10000610351562,399.6300048828125,19.8700008392334,147.83999633789062,13.199999809265137,85.55999755859375,61.67732620239258,460.9500122070313,44.459999084472656,26.32999992370605,26.32999992370605,152.80999755859375,287.1139221191406,375.0683288574219,646.7899780273438
2026-04-21,150.57000732421875,393.8403625488281,249.9100036621093,172.86000061035156,31.31999969482422,1455.790283203125,29.600000381469727,325.8399963378906,403.0299987792969,343.7900085449219,115.16000366210938,89.69999694824219,212.3600006103516,408.5709228515625,85.13999938964844,695.52001953125,991.2999877929688,59.244998931884766,165.19680786132812,332.0916442871094,28.76000022888184,66.26000213623047,45.16999816894531,333.6046447753906,493.2801513671875,836.9199829101562,258.3699951171875,8.729999542236328,668.8400268554688,247.4900054931641,1527.949951171875,285.7099914550781,449.3800048828125,156.5500030517578,199.64732360839844,136.79847717285156,290.1099853515625,181.1699981689453,130.4499969482422,28.43000030517578,903.489990234375,420.7000122070313,704.0800170898438,559.9000244140625,368.0799865722656,125.25,246.2400054931641,312.44000244140625,383.7099609375,265.9250183105469,183.32000732421875,1783.0941162109375,231.9713287353516,423.2433166503906,135.0611572265625,142.1592254638672,374.2449035644531,191.97000122070312,284.489990234375,70.13108825683594,175.49000549316406,402.1700134277344,20.770000457763672,151.30999755859375,15.329999923706056,86.91000366210938,67.20364379882812,467.5799865722656,44.29999923706055,26.90999984741211,24.700000762939453,151.92999267578125,277.26922607421875,379.78656005859375,644.3300170898438
2026-04-22,149.4199981689453,402.9790344238281,255.3600006103516,177.72999572753906,32.43000030517578,1440.513671875,29.950000762939453,331.6099853515625,401.739990234375,350.4700012207031,122.54000091552734,89.80000305175781,214.6499938964844,412.72943115234375,85.41999816894531,690.0599975585938,1127.56005859375,60.38999938964844,168.50173950195312,339.1174621582031,28.51000022888184,65.2699966430664,48.38999938964844,336.32403564453125,493.0608215332031,873.5999755859375,265.54998779296875,9.260000228881836,674.719970703125,253.1499938964844,1522.0400390625,277.0,487.4800109863281,156.13999938964844,202.26426696777344,139.9238739013672,297.3399963378906,187.5,131.5500030517578,29.18000030517578,979.0700073242188,431.7699890136719,711.2100219726562,579.8800048828125,387.4400024414063,126.70999908447266,265.0,305.1400146484375,388.9985961914063,272.9185791015625,189.4900054931641,1809.750244140625,235.1153564453125,431.984375,135.5692901611328,141.66024780273438,380.3781127929688,194.0599975585937,303.4599914550781,72.1688003540039,196.57000732421875,422.6499938964844,21.190000534057617,157.32000732421875,18.46999931335449,88.98999786376953,71.5528793334961,477.260009765625,44.86000061035156,26.940000534057617,27.75,148.1300048828125,286.71453857421875,385.0345764160156,655.1099853515625
2026-04-23,137.72999572753906,403.4085083007813,255.0800018310547,172.5500030517578,36.34999847412109,1414.7100830078125,29.809999465942383,314.3299865722656,391.6000061035156,337.67999267578125,117.41999816894533,88.58999633789062,212.13999938964844,423.33013916015625,86.9000015258789,689.4600219726562,1149.530029296875,61.540000915527344,169.24061584472656,338.6877136230469,27.93000030517578,66.77999877929688,52.02000045776367,338.4535522460937,506.4584655761719,846.8900146484375,258.5599975585937,9.010000228881836,659.1500244140625,250.57000732421875,1592.1700439453125,284.3999938964844,481.7200012207031,157.0800018310547,199.4075927734375,142.5500030517578,292.3099975585937,176.27999877929688,138.5,26.75,932.4299926757812,441.0,708.4500122070312,587.6199951171875,382.6600036621094,132.97999572753906,260.1300048828125,321.75,403.0149230957031,273.1783142089844,185.5399932861328,1813.115966796875,280.80322265625,414.8514709472656,133.4570770263672,141.71014404296875,402.7767639160156,197.5399932861328,305.3299865722656,72.82805633544922,204.6100006103516,419.9400024414063,20.809999465942383,165.55999755859375,18.51000022888184,97.77999877929688,72.45065307617188,456.8500061035156,49.709999084472656,27.32999992370605,27.549999237060547,150.17999267578125,292.3158264160156,400.8385925292969,651.4199829101562
2026-04-24,162.1699981689453,416.5221862792969,263.989990234375,176.91000366210938,34.97999954223633,1454.52294921875,32.0,332.8900146484375,410.2099914550781,336.0899963378906,110.13999938964844,89.01000213623047,216.08999633789065,422.7517395019531,91.41000366210938,720.1900024414062,1149.18994140625,61.790000915527344,175.62083435058594,344.19439697265625,28.15999984741211,82.54000091552734,50.63999938964844,341.5728454589844,508.69140625,881.6400146484375,267.7799987792969,8.84000015258789,675.030029296875,251.6999969482422,1632.06005859375,287.6400146484375,496.7200012207031,147.16000366210938,208.0275421142578,142.1699981689453,307.8599853515625,173.27999877929688,158.39999389648438,29.07999992370605,989.9000244140624,461.6000061035156,713.9400024414062,586.25,402.4599914550781,149.00999450683594,273.5299987792969,323.4599914550781,403.8946838378906,270.8104858398437,195.0399932861328,1932.533447265625,275.7389831542969,423.7023010253906,148.30226135253906,153.14675903320312,398.4785461425781,212.83999633789065,347.8099975585937,78.01222229003906,234.8099975585937,422.760009765625,20.8799991607666,164.30999755859375,17.280000686645508,98.4000015258789,73.35840606689453,500.8200073242188,50.470001220703125,28.190000534057617,31.229999542236328,149.7100067138672,313.04364013671875,417.9221496582031,663.8800048828125
2026-04-27,145.77999877929688,404.3572998046875,261.1199951171875,172.47000122070312,33.66999816894531,1432.43994140625,30.850000381469727,336.5400085449219,422.2099914550781,321.5299987792969,112.05999755859376,88.26000213623047,215.97000122070312,415.6214294433594,90.08000183105467,684.760009765625,1120.22998046875,60.34999847412109,167.7528839111328,350.130859375,28.6200008392334,84.98999786376953,48.36000061035156,340.7230529785156,509.1399841308594,859.6799926757812,259.4700012207031,8.9399995803833,678.6199951171875,244.9499969482422,1587.5699462890625,279.44000244140625,524.5599975585938,144.9600067138672,216.3578338623047,141.7100067138672,298.2799987792969,172.9600067138672,141.30999755859375,27.850000381469727,1070.199951171875,455.4100036621094,715.1699829101562,595.8599853515625,404.9800109863281,144.1699981689453,268.6099853515625,322.42999267578125,400.6255493164063,267.3636474609375,180.5,1897.5780029296875,268.1375732421875,423.9018859863281,149.70706176757812,147.23883056640625,391.517578125,196.63999938964844,334.6300048828125,75.5350112915039,215.8800048828125,418.2000122070313,21.100000381469727,158.2100067138672,18.299999237060547,98.04000091552734,70.44561767578125,498.5400085449219,50.560001373291016,27.770000457763672,29.670000076293945,148.63999938964844,314.6810913085937,401.8482360839844,664.22998046875
2026-04-28,137.25999450683594,380.63677978515625,259.70001220703125,165.2899932861328,32.11000061035156,1384.56005859375,30.07999992370605,325.3099975585937,361.5400085449219,303.9700012207031,105.52999877929688,86.86000061035156,205.92999267578125,411.931640625,87.16000366210938,637.739990234375,1088.9300537109375,59.4900016784668,152.8157958984375,349.5711975097656,27.950000762939453,84.5199966430664,44.43999862670898,330.7552795410156,508.6814575195313,791.3699951171875,251.22999572753903,8.720000267028809,671.3400268554688,237.0599975585937,1504.0799560546875,265.6099853515625,504.2900085449219,135.50999450683594,212.92184448242188,138.3000030517578,282.3900146484375,165.9600067138672,111.2699966430664,27.25,1002.3499755859376,438.7099914550781,711.6900024414062,579.030029296875,392.3399963378906,137.58999633789062,248.6999969482422,305.0299987792969,390.8880920410156,270.4608154296875,165.9199981689453,1806.6640625,263.66033935546875,428.3222961425781,149.44801330566406,148.87548828125,382.2130737304688,183.3099975585937,323.2099914550781,71.27980041503906,198.6499938964844,399.8299865722656,20.020000457763672,153.22999572753906,15.119999885559082,93.3000030517578,65.85697174072266,483.8900146484375,49.810001373291016,26.739999771118164,25.850000381469727,143.72000122070312,305.2357482910156,379.9864807128906,657.5499877929688
2026-04-29,152.8300018310547,382.1149597167969,263.0400085449219,168.67999267578125,32.685001373291016,1394.0799560546875,30.59000015258789,329.95001220703125,376.5400085449219,304.92999267578125,114.19000244140624,89.56999969482422,205.6600036621093,409.6379699707031,90.5999984741211,643.4600219726562,1063.1099853515625,62.7400016784668,151.66754150390625,349.7311096191406,28.299999237060547,94.75,42.86000061035156,333.7846069335937,503.1190185546875,858.3200073242188,248.75,8.6899995803833,669.1199951171875,233.38999938964844,1526.8399658203125,269.6300048828125,518.4600219726562,141.19000244140625,209.00640869140625,137.3699951171875,284.3399963378906,163.8300018310547,112.16000366210938,26.31999969482422,1064.2099609375,449.989990234375,711.5800170898438,643.2999877929688,393.8299865722656,137.5,256.70001220703125,306.17999267578125,412.6524353027344,269.9213256835937,175.77000427246094,1813.894775390625,267.8590087890625,423.5426330566406,155.42593383789062,217.0560302734375,388.2465515136719,196.8500061035156,337.1099853515625,70.5306396484375,201.69000244140625,405.4500122070313,19.559999465942383,156.57000732421875,15.479999542236328,98.86000061035156,69.51791381835938,481.2200012207031,52.66999816894531,27.799999237060547,25.6299991607666,148.3800048828125,296.5392761230469,306.2143249511719,661.5700073242188
2026-04-30,164.36000061035156,394.0001831054688,265.0599975585937,172.7100067138672,34.25,1438.989990234375,31.40999984741211,329.5899963378906,409.5899963378906,319.7099914550781,111.5999984741211,91.5,208.9499969482422,431.8166809082031,91.5500030517578,683.469970703125,1083.4599609375,64.5999984741211,163.98867797851562,384.5702819824219,28.770000457763672,94.4800033569336,45.5099983215332,337.4137878417969,499.560302734375,902.3200073242188,257.8599853515625,8.84000015258789,611.9099731445312,254.6300048828125,1614.4100341796875,281.6099853515625,517.1599731445312,138.22999572753906,199.33767700195312,142.89999389648438,295.0599975585937,161.38999938964844,115.11000061035156,27.39999961853028,1096.510009765625,461.4400024414063,718.6599731445312,673.6400146484375,396.05999755859375,158.22000122070312,269.2699890136719,328.489990234375,434.40673828125,271.1002502441406,174.00999450683594,1748.1187744140625,279.6590270996094,406.8987121582031,178.91917419433594,218.3334197998047,401.16119384765625,194.7400054931641,354.489990234375,69.6716079711914,210.32000732421875,417.4299926757813,20.0,165.14999389648438,16.5,100.80999755859376,72.53045654296875,482.6000061035156,55.13999938964844,28.96999931335449,29.530000686645508,147.27000427246094,312.51446533203125,343.34033203125,667.739990234375
2026-05-01,183.509994506836,388.5968933105469,268.260009765625,172.6999969482422,33.54999923706055,1427.02001953125,31.59000015258789,340.94000244140625,418.9299926757813,329.5,119.01000213623048,91.8499984741211,210.1699981689453,424.3772277832031,91.6999969482422,706.530029296875,1062.949951171875,64.91000366210938,158.01780700683594,385.4597778320313,28.56999969482422,99.62000274658205,45.65999984741211,342.3926696777344,506.3189086914063,949.9299926757812,256.7200012207031,9.31999969482422,608.75,266.8299865722656,1583.47998046875,284.17999267578125,542.2100219726562,154.49000549316406,198.218978881836,158.9199981689453,292.9200134277344,171.8300018310547,111.93000030517578,27.09000015258789,1187.0,465.75,720.6500244140625,726.9299926757812,397.6700134277344,158.99000549316406,268.3599853515625,328.3099975585937,431.4075012207031,279.88214111328125,184.3800048828125,1724.0595703125,279.5993347167969,413.5443115234375,176.35862731933594,234.04129028320312,396.6036682128906,202.67999267578125,360.5400085449219,71.01010131835938,211.17999267578125,421.2799987792969,20.350000381469727,164.9499969482422,17.450000762939453,103.02999877929688,73.13895416259766,489.0199890136719,55.75,29.57999992370605,36.7599983215332,142.3000030517578,307.3324890136719,345.28961181640625,674.1500244140625
2026-05-04,172.97999572753906,390.89404296875,272.04998779296875,172.6199951171875,35.630001068115234,1386.2099609375,32.279998779296875,349.510009765625,420.7300109863281,329.8900146484375,125.43000030517578,92.62999725341795,211.63999938964844,421.27581787109375,91.83999633789062,717.7999877929688,1073.949951171875,67.75,159.71522521972656,383.0212097167969,28.709999084472656,95.77999877929688,49.47999954223633,340.7230529785156,491.99420166015625,976.1799926757812,258.57000732421875,9.329999923706056,610.4099731445312,259.760009765625,1573.300048828125,291.7200012207031,576.4500122070312,176.4199981689453,198.2489318847656,162.69000244140625,299.54998779296875,180.2899932861328,111.5,27.920000076293945,1255.8599853515625,462.05999755859375,718.010009765625,738.5399780273438,401.6099853515625,157.47000122070312,251.0200042724609,330.9700012207031,442.2446899414063,276.5751647949219,180.05999755859375,1711.135986328125,279.4700012207031,412.72607421875,167.76039123535156,226.69631958007807,395.93548583984375,201.25,341.5400085449219,70.8802490234375,203.259994506836,416.5,21.100000381469727,163.66000366210938,15.920000076293944,102.04000091552734,72.67011260986328,497.5,55.130001068115234,30.56999969482422,35.939998626708984,141.02999877929688,320.55194091796875,337.3125915527344,672.8800048828125
2026-05-05,180.57000732421875,410.3099365234375,273.54998779296875,170.22000122070312,39.880001068115234,1442.9200439453125,33.439998626708984,353.6300048828125,417.6600036621094,335.7300109863281,127.88999938964844,94.3000030517578,216.32000732421875,409.7276916503906,96.4499969482422,660.3200073242188,1095.2099609375,74.04000091552734,161.85194396972656,388.1981201171875,30.040000915527344,108.1500015258789,54.7400016784668,337.1838684082031,498.7129821777344,994.5599975585938,275.79998779296875,9.229999542236328,604.9600219726562,271.6000061035156,1588.1199951171875,303.57000732421875,640.2000122070312,175.9199981689453,196.271240234375,169.41000366210938,305.0,185.3500061035156,118.0,27.82999992370605,1406.3199462890625,482.7300109863281,723.77001953125,771.010009765625,394.4100036621094,159.5800018310547,266.010009765625,341.0199890136719,465.13873291015625,283.9184265136719,193.57000732421875,1730.6910400390625,281.0,410.4909362792969,185.863525390625,237.92335510253903,403.664306640625,215.69000244140625,355.260009765625,76.62378692626953,208.83999633789065,427.3599853515625,22.190000534057617,168.75,17.549999237060547,102.66999816894533,76.8896713256836,502.510009765625,57.18000030517578,32.09000015258789,36.630001068115234,136.69000244140625,319.9229431152344,356.9651794433594,681.6099853515625
2026-05-06,178.5399932861328,428.0877990722656,274.989990234375,147.05999755859375,44.2400016784668,1544.739990234375,34.15999984741211,354.8999938964844,413.8699951171875,344.6700134277344,137.97999572753906,91.63999938964844,238.8000030517578,420.2287292480469,134.72999572753906,679.0900268554688,1118.9599609375,72.30000305175781,181.2921600341797,397.8023986816406,30.3700008392334,113.01000213623048,60.97999954223633,372.25592041015625,500.2879638671875,944.280029296875,297.1700134277344,9.8100004196167,612.8800048828125,274.2200012207031,1652.3499755859375,309.8099975585937,666.5900268554688,195.08999633789065,207.5880584716797,172.49000549316406,294.04998779296875,194.02999877929688,130.0399932861328,34.65999984741211,1409.97998046875,506.8699951171875,733.8300170898438,786.4199829101562,419.5,164.63999938964844,280.3399963378906,358.9200134277344,483.0240478515625,287.245361328125,198.2899932861328,1813.974853515625,289.44000244140625,413.0653381347656,191.8613739013672,244.4499969482422,414.4946594238281,213.91000366210932,421.3900146484375,77.13321685791016,237.3000030517578,425.4400024414063,24.6299991607666,172.14999389648438,16.68000030517578,105.7699966430664,78.03682708740234,504.4200134277344,57.95000076293945,33.560001373291016,43.08000183105469,138.47000122070312,322.2792663574219,382.3356018066406,695.77001953125
2026-05-07,157.5500030517578,410.1301574707031,271.1700134277344,141.75,41.52999877929688,1516.5999755859375,33.34000015258789,356.8999938964844,385.2099914550781,319.19000244140625,128.83999633789062,92.16000366210938,230.2700042724609,398.0499877929688,133.00999450683594,626.1199951171875,1045.6300048828125,70.93000030517578,182.1208648681641,397.7524108886719,29.700000762939453,109.62000274658205,56.84999847412109,349.5210876464844,492.2932739257813,892.5800170898438,286.5199890136719,8.460000038146973,616.8099975585938,269.6499938964844,1575.9599609375,344.4700012207031,646.6300048828125,184.7700042724609,211.2537841796875,166.72999572753906,274.1700134277344,194.58999633789065,126.5999984741211,33.619998931884766,1339.9599609375,492.3599853515625,731.5800170898438,766.4400024414062,414.1499938964844,153.77000427246094,261.3399963378906,340.010009765625,463.7890930175781,287.1754150390625,188.2899932861328,1761.0023193359375,285.239990234375,419.8606262207031,201.8046417236328,242.7100067138672,407.404052734375,195.6499938964844,408.4599914550781,72.18877410888672,213.3099975585937,412.55999755859375,22.36000061035156,160.00999450683594,15.789999961853027,100.61000061035156,71.65263366699219,505.1900024414063,55.900001525878906,32.59000015258789,45.15999984741211,136.6199951171875,310.797119140625,353.9762878417969,694.9400024414062
2026-05-08,148.94000244140625,434.89935302734375,272.67999267578125,141.77000427246094,41.25,1592.02001953125,34.22999954223633,362.7000122070313,375.5499877929688,335.260009765625,114.1500015258789,96.56999969482422,260.4599914550781,401.510009765625,142.1699981689453,621.280029296875,1040.1500244140625,74.12000274658203,186.6539306640625,400.5607299804688,31.350000381469727,124.91999816894533,61.20000076293945,355.0697937011719,491.6054382324219,903.7999877929688,294.04998779296875,8.479999542236328,609.6300048828125,273.0,1600.8399658203125,359.8800048828125,746.8099975585938,177.0500030517578,214.9494781494141,169.9499969482422,284.6700134277344,195.9499969482422,129.25,35.369998931884766,1562.3399658203125,520.2999877929688,737.6199951171875,782.6400146484375,411.6799926757813,157.30999755859375,256.4700012207031,339.9700012207031,479.8748779296875,293.0500183105469,188.5050048828125,1866.8072509765625,287.79998779296875,414.2228393554688,218.2837677001953,253.58999633789065,415.3822021484375,199.7899932861328,455.1900024414063,76.52389526367188,213.2700042724609,430.0,22.920000076293945,170.1300048828125,18.200000762939453,103.1999969482422,73.09904479980469,516.47998046875,59.16999816894531,34.2599983215332,46.59999847412109,128.02999877929688,303.15899658203125,359.6341552734375,711.22998046875
2026-05-11,184.8999938964844,443.0691833496094,268.989990234375,136.42999267578125,44.59000015258789,1565.81005859375,35.29999923706055,364.2000122070313,380.989990234375,379.6900024414063,114.6999969482422,98.72000122070312,247.0399932861328,419.0,145.07000732421875,649.530029296875,1073.0799560546875,74.98999786376953,207.0726318359375,388.4080200195313,30.8700008392334,129.44000244140625,55.150001525878906,365.1575317382813,502.80999755859375,1053.0899658203125,296.04998779296875,8.34000015258789,598.8599853515625,284.79998779296875,1661.0999755859375,365.8800048828125,795.3300170898438,186.1000061035156,219.18453979492188,173.38999938964844,287.5199890136719,193.83999633789065,134.50999450683594,33.52000045776367,1547.56005859375,532.760009765625,739.2999877929688,834.010009765625,404.5400085449219,162.99000549316406,312.9599914550781,367.9200134277344,515.695556640625,292.67999267578125,210.22000122070312,1842.837890625,297.760009765625,411.7681579589844,236.65591430664065,262.04998779296875,421.5752868652344,207.3500061035156,458.7900085449219,76.60381317138672,212.6499938964844,428.4299926757813,22.950000762939453,170.83999633789062,22.64999961853028,107.23999786376952,74.15642547607422,516.1900024414062,60.119998931884766,34.83000183105469,50.310001373291016,122.47000122070312,299.22509765625,366.5015869140625,713.2899780273438
2026-05-12,188.27999877929688,430.6646118164063,265.82000732421875,142.5399932861328,43.93000030517578,1520.93994140625,34.279998779296875,358.0400085449219,374.0700073242188,374.010009765625,107.75,99.29000091552734,238.94000244140625,401.5299987792969,139.69000244140625,634.47998046875,1071.97998046875,72.1500015258789,197.9366455078125,387.1187744140625,30.209999084472656,120.61000061035156,56.560001373291016,350.7207946777344,502.28167724609375,992.3699951171876,289.239990234375,8.670000076293945,603.0,276.2699890136719,1599.52001953125,362.760009765625,766.5800170898438,179.11000061035156,220.52297973632807,170.74000549316406,277.94000244140625,186.8300018310547,130.27999877929688,32.790000915527344,1452.02001953125,515.989990234375,738.1799926757812,808.7999877929688,397.2799987792969,163.36000061035156,292.5299987792969,367.1300048828125,488.6126098632813,294.79998779296875,198.57000732421875,1809.041015625,295.1700134277344,406.8887023925781,209.5360870361328,258.7099914550781,418.503662109375,204.4199981689453,448.2900085449219,73.36744689941406,207.9199981689453,419.2999877929688,22.790000915527344,164.5,19.25,104.11000061035156,70.73490905761719,513.2100219726562,57.93000030517578,33.630001068115234,53.720001220703125,127.87000274658205,293.1445617675781,358.314697265625,707.239990234375
2026-05-13,223.1000061035156,436.06787109375,270.1300048828125,140.69000244140625,45.47999954223633,1581.5799560546875,35.470001220703125,354.54998779296875,372.5499877929688,403.7099914550781,111.30999755859376,101.87000274658205,243.8699951171875,406.9400024414063,143.8000030517578,696.0700073242188,1062.5699462890625,74.98999786376953,206.1939697265625,402.3796691894531,32.06999969482422,120.29000091552734,55.16999816894531,355.3497314453125,511.64208984375,1030.3699951171875,295.44000244140625,9.399999618530272,616.6300048828125,279.20001220703125,1650.3499755859375,381.5499877929688,803.6300048828125,207.2700042724609,225.56710815429688,172.91000366210938,276.9700012207031,189.759994506836,134.85000610351562,32.0,1447.22998046875,528.2899780273438,742.3099975585938,817.3499755859375,399.7999877929688,168.82000732421875,309.2699890136719,369.989990234375,493.9612121582031,298.8699951171875,189.3600006103516,1847.3521728515625,306.3399963378906,404.3342590332031,212.38555908203125,269.8699951171875,431.2088928222656,224.08999633789065,445.5,74.5261459350586,221.2100067138672,416.7900085449219,24.0,177.9499969482422,21.170000076293945,115.70999908447266,70.97431182861328,509.2799987792969,63.38999938964844,38.5,62.59999847412109,124.63999938964844,274.4635925292969,363.2428283691406,714.7100219726562
2026-05-14,203.57000732421875,440.0130004882813,267.2200012207031,147.80999755859375,46.709999084472656,1584.510009765625,35.25,352.8399963378906,381.5899963378906,404.9400024414063,114.21499633789062,115.52999877929688,247.88999938964844,408.1000061035156,143.60000610351562,746.469970703125,1090.530029296875,73.83999633789062,207.9612731933593,400.8305969238281,34.130001068115234,115.93000030517578,58.400001525878906,354.2599792480469,510.0371398925781,1001.8099975585938,299.1499938964844,10.34000015258789,618.4299926757812,292.1600036621094,1613.969970703125,383.55999755859375,776.010009765625,221.1499938964844,235.465576171875,173.9600067138672,277.2799987792969,195.6100006103516,130.4600067138672,33.029998779296875,1382.719970703125,530.030029296875,748.1699829101562,804.760009765625,417.7200012207031,171.8699951171875,290.5400085449219,376.2300109863281,489.0224914550781,298.2099914550781,184.5399932861328,1890.5269775390625,308.1700134277344,408.5451354980469,199.3437347412109,263.8500061035156,425.6241760253906,228.63999938964844,449.7000122070313,72.00897216796875,228.5,439.7900085449219,24.920000076293945,182.5800018310547,22.31999969482422,118.37000274658205,71.49302673339844,510.0199890136719,64.37999725341797,37.9900016784668,69.95999908447266,129.19000244140625,274.8330078125,356.4153747558594,719.7899780273438
2026-05-15,190.3600006103516,436.077880859375,264.1400146484375,141.97000122070312,42.560001373291016,1501.81005859375,33.810001373291016,347.239990234375,358.54998779296875,382.4500122070313,107.3000030517578,118.20999908447266,241.9900054931641,399.4400024414063,137.86000061035156,722.0399780273438,1049.22998046875,71.02999877929688,191.5164794921875,396.5431518554688,33.099998474121094,108.7699966430664,52.93999862670898,339.82000732421875,504.51458740234375,970.7000122070312,284.7200012207031,10.050000190734863,614.22998046875,271.260009765625,1550.02001953125,375.6000061035156,724.6599731445312,219.94000244140625,225.0577087402344,169.00999450683594,271.7699890136719,192.9499969482422,127.0500030517578,31.040000915527344,1407.6099853515625,508.5199890136719,739.1699829101562,795.469970703125,404.3500061035156,167.35000610351562,273.6700134277344,370.9400024414063,481.8943481445313,300.2300109863281,172.1699981689453,1802.02001953125,302.7300109863281,421.0081481933594,200.74855041503903,259.989990234375,416.3495788574219,232.67999267578125,424.1000061035156,70.27093505859375,209.16000366210932,425.1900024414063,24.209999084472656,176.88999938964844,21.31999969482422,113.11000061035156,73.05914306640625,502.4200134277344,61.40999984741211,37.22999954223633,62.130001068115234,125.0,267.20001220703125,337.75244140625,708.9299926757812
2026-05-18,173.25999450683594,413.0565185546875,264.8599853515625,141.7100067138672,39.13999938964844,1472.3900146484375,31.64999961853028,345.989990234375,342.6700134277344,362.8299865722656,103.7699966430664,118.87999725341795,238.02999877929688,381.8699951171875,129.72999572753906,700.260009765625,1012.25,67.83999633789062,178.27676391601562,396.70306396484375,33.0,108.16999816894533,50.459999084472656,338.7300109863281,509.2496337890625,884.97998046875,277.9599914550781,9.670000076293944,611.2100219726562,247.1300048828125,1486.3299560546875,356.25,681.5399780273438,199.8600006103516,222.0612030029297,160.69000244140625,254.52999877929688,186.6100006103516,123.76000213623048,30.850000381469727,1333.010009765625,495.8699951171875,738.6500244140625,740.8400268554688,395.9500122070313,158.86000061035156,249.0200042724609,339.7300109863281,458.5604248046875,297.8399963378906,156.27000427246094,1756.449951171875,300.6000061035156,422.6246643066406,202.890625,239.759994506836,417.43658447265625,215.5800018310547,420.989990234375,65.96577453613281,215.1199951171875,420.7099914550781,23.56999969482422,168.92999267578125,19.670000076293945,109.43000030517578,67.4530258178711,498.4299926757813,60.959999084472656,36.95000076293945,59.34999847412109,121.72000122070312,262.0,320.92877197265625,705.8800048828125
2026-05-19,171.3300018310547,406.40478515625,259.3399963378906,141.5800018310547,36.619998931884766,1459.43994140625,30.88999938964844,338.1199951171875,339.1300048828125,353.6300048828125,99.80999755859376,115.37999725341795,235.259994506836,371.8800048828125,126.29000091552734,677.75,1011.7999877929688,66.68000030517578,175.56092834472656,387.4285888671875,32.619998931884766,110.8000030517578,47.7400016784668,332.8800048828125,504.4747619628906,890.0900268554688,273.3800048828125,9.1899995803833,602.6099853515625,244.4900054931641,1468.1099853515625,358.9800109863281,698.739990234375,197.72999572753903,220.35317993164065,158.22999572753906,248.0800018310547,181.4600067138672,122.02999877929688,30.559999465942383,1383.2900390625,496.739990234375,733.72998046875,733.3499755859375,392.6099853515625,161.41000366210938,243.42999267578125,322.6300048828125,455.6811828613281,298.9700012207031,168.99000549316406,1740.5799560546875,302.3099975585937,416.5178833007813,194.8901824951172,252.9199981689453,413.1782531738281,244.259994506836,414.0499877929688,65.46633911132812,223.1499938964844,411.0700073242188,22.920000076293945,176.27000427246094,19.43000030517578,106.0199966430664,68.11139678955078,493.8699951171875,61.22999954223633,37.040000915527344,58.83000183105469,119.1999969482422,260.6700134277344,321.3985900878906,701.530029296875
2026-05-20,165.25999450683594,426.3200073242188,265.010009765625,140.49000549316406,39.52000045776367,1550.1300048828125,31.690000534057617,350.8900146484375,346.4800109863281,358.5,101.27999877929688,114.3499984741211,242.92999267578125,379.6900024414063,131.52000427246094,662.2100219726562,1024.52001953125,70.79000091552734,180.4134979248047,388.6778564453125,33.79999923706055,118.95999908447266,52.709999084472656,345.1499938964844,505.0329895019531,868.0700073242188,292.0899963378906,9.3100004196167,605.0599975585938,257.3299865722656,1553.27001953125,375.7099914550781,731.989990234375,191.82000732421875,223.20985412597656,161.86000061035156,263.1199951171875,188.1600036621093,133.55999755859375,33.459999084472656,1392.56005859375,520.3099975585938,741.25,751.0700073242188,401.6199951171875,169.36000061035156,264.20001220703125,315.6700134277344,459.5001831054688,302.25,182.97999572753903,1829.469970703125,304.8800048828125,420.1499938964844,201.7647857666016,258.0199890136719,396.9626770019531,287.4800109863281,447.5799865722656,68.41302490234375,256.7300109863281,417.760009765625,23.18000030517578,186.8000030517578,22.989999771118164,110.20999908447266,68.95929718017578,498.9299926757813,64.93000030517578,40.15999984741211,58.619998931884766,123.0500030517578,281.260009765625,344.2099914550781,713.1500244140625
2026-05-21,176.80999755859375,427.3599853515625,268.4599914550781,148.58999633789062,48.02000045776367,1592.0,32.63999938964844,358.4599914550781,354.7699890136719,378.0,107.58000183105467,118.1999969482422,252.8000030517578,381.510009765625,131.07000732421875,703.27001953125,1043.8199462890625,81.3499984741211,191.5963592529297,387.4285888671875,33.970001220703125,118.5,58.060001373291016,356.4100036621094,512.8881225585938,964.5,302.239990234375,9.4399995803833,607.3800048828125,250.1100006103516,1561.25,380.4500122070313,762.0999755859375,219.92999267578125,219.25445556640625,163.57000732421875,261.45001220703125,189.7700042724609,141.82000732421875,33.459999084472656,1542.239990234375,524.7100219726562,742.719970703125,810.4600219726562,407.1499938964844,174.5500030517578,268.2900085449219,323.3999938964844,486.3331909179688,304.989990234375,193.38999938964844,1842.1800537109373,298.3900146484375,419.0899963378906,212.6246795654297,263.510009765625,383.1604614257813,297.8399963378906,449.5899963378906,65.82593536376953,298.2300109863281,414.5700073242188,24.81999969482422,190.69000244140625,24.3799991607666,109.61000061035156,70.30596923828125,503.9800109863281,65.66000366210938,42.16999816894531,69.5,124.86000061035156,285.8299865722656,353.44000244140625,714.510009765625
2026-05-22,181.4900054931641,432.1600036621094,266.32000732421875,154.02999877929688,45.869998931884766,1632.9000244140625,34.810001373291016,373.5899963378906,367.3699951171875,377.5700073242188,105.48999786376952,120.41000366210938,295.19000244140625,391.3500061035156,132.47000122070312,703.8599853515625,1038.739990234375,85.63999938964844,193.7530517578125,382.7413940429688,37.58000183105469,119.83999633789062,56.83000183105469,364.3500061035156,515.948486328125,946.9000244140624,305.3500061035156,9.40999984741211,610.260009765625,260.5199890136719,1589.81005859375,385.9800109863281,751.0,214.7700042724609,215.079330444336,164.66000366210938,262.25,192.0800018310547,142.97999572753906,35.58000183105469,1478.68994140625,537.3300170898438,745.6400146484375,812.72998046875,404.5199890136719,189.9199981689453,267.989990234375,327.4599914550781,484.1537780761719,308.82000732421875,218.4100036621093,1888.3800048828125,309.2099914550781,418.5700073242188,237.2835998535156,276.1400146484375,395.9853515625,306.8800048828125,467.510009765625,65.67610168457031,306.510009765625,414.1400146484375,25.26000022888184,196.3300018310547,29.25,116.1999969482422,70.675048828125,524.739990234375,66.86000061035156,47.25,69.88999938964844,132.05999755859375,294.07000732421875,358.44000244140625,717.5399780273438
2026-05-26,177.6199951171875,454.8900146484375,265.2900085449219,158.00999450683594,45.13999938964844,1632.030029296875,38.95000076293945,381.75,370.8399963378906,381.3500061035156,105.88999938964844,118.33000183105467,305.0799865722656,403.1300048828125,143.24000549316406,680.77001953125,1070.469970703125,89.95999908447266,195.8697967529297,388.6478576660156,38.060001373291016,123.5199966430664,59.77999877929688,380.25,513.3466796875,910.8099975585938,322.67999267578125,10.170000076293944,612.3400268554688,295.8800048828125,1662.97998046875,409.6799926757813,895.8800048828125,208.0599975585937,214.60987854003903,169.2899932861328,274.1700134277344,193.0599975585937,157.22999572753906,37.09999847412109,1589.550048828125,570.0900268554688,750.5900268554688,845.760009765625,412.3200073242188,196.9499969482422,332.95001220703125,323.9100036621094,524.5132446289062,308.3299865722656,221.63999938964844,2011.3900146484373,324.8900146484375,416.0299987792969,247.9043884277344,290.32000732421875,418.7928771972656,318.7200012207031,503.8900146484375,73.37743377685547,321.2200012207031,422.010009765625,26.3700008392334,208.259994506836,31.790000915527344,127.0,83.88235473632812,534.5599975585938,70.69000244140625,50.369998931884766,73.5,139.55999755859375,301.57000732421875,389.1400146484375,730.280029296875
2026-05-27,179.8300018310547,448.25,271.8500061035156,154.30999755859375,48.97999954223633,1597.8699951171875,39.06999969482422,374.0499877929688,357.70001220703125,380.1799926757813,104.2699966430664,119.66999816894533,305.32000732421875,406.3699951171875,145.7899932861328,686.9000244140625,1031.8900146484375,81.11000061035156,190.597885131836,388.5978698730469,37.20000076293945,121.7699966430664,67.83999633789062,371.3800048828125,506.2690734863281,902.3099975585938,318.92999267578125,10.869999885559082,635.260009765625,279.92999267578125,1620.1700439453125,400.6600036621094,928.4099731445312,208.3699951171875,212.35250854492188,167.8000030517578,266.8900146484375,190.9600067138672,148.66000366210938,38.18999862670898,1589.93994140625,563.97998046875,750.4600219726562,870.6599731445312,422.7300109863281,190.6699981689453,345.8399963378906,319.7799987792969,530.461669921875,310.8500061035156,221.22999572753903,1957.18994140625,317.45001220703125,412.6700134277344,232.5411071777344,284.9800109863281,415.7412414550781,325.3299865722656,495.5400085449219,72.10887145996094,302.7099914550781,421.8599853515625,27.200000762939453,198.6999969482422,28.8799991607666,124.88999938964844,86.68541717529297,525.9199829101562,67.75,48.900001525878906,63.2599983215332,140.24000549316406,288.67999267578125,375.8299865722656,729.4500122070312
2026-05-28,169.02000427246094,449.6799926757813,274.0,155.27000427246094,49.650001525878906,1605.77001953125,40.59999847412109,373.8500061035156,351.0199890136719,376.9500122070313,106.86000061035156,118.63999938964844,317.04998779296875,401.9400024414063,144.85000610351562,667.9500122070312,996.0,80.62999725341797,182.69000244140625,389.8971252441406,38.209999084472656,120.88999938964844,64.05000305175781,363.6499938964844,500.3976440429688,860.6199951171875,318.0,10.699999809265137,635.2899780273438,270.70001220703125,1633.1700439453125,391.0899963378906,923.52001953125,226.33999633789065,214.0005798339844,164.8699951171875,258.8099975585937,203.6999969482422,148.02000427246094,41.29999923706055,1641.6400146484375,569.469970703125,754.5999755859375,880.719970703125,424.8599853515625,187.7899932861328,342.0899963378906,314.17999267578125,531.0415649414062,312.510009765625,222.3500061035156,1927.6300048828125,315.95001220703125,426.989990234375,242.39471435546875,282.44000244140625,417.8654479980469,349.1700134277344,518.0900268554688,70.50067901611328,335.2699890136719,426.5799865722656,27.76000022888184,204.8300018310547,28.51000022888184,123.7699966430664,86.85499572753906,480.6400146484375,69.44999694824219,52.2400016784668,65.05000305175781,147.67999267578125,286.3099975585937,382.6499938964844,735.5999755859375
2026-05-29,158.41000366210938,450.05999755859375,270.6400146484375,159.47000122070312,47.27999877929688,1612.760009765625,38.34999847412109,374.9299926757813,385.3900146484375,361.4700012207031,109.52999877929688,120.41999816894533,420.9100036621094,400.6000061035156,150.77999877929688,654.1599731445312,968.3200073242188,79.97000122070312,181.1600036621093,380.1129455566406,43.040000915527344,114.68000030517578,63.540000915527344,364.55999755859375,496.12115478515625,854.9600219726562,318.17999267578125,10.989999771118164,632.510009765625,278.9100036621094,1566.2099609375,364.6400146484375,971.0,231.08999633789065,210.8942108154297,166.99000549316406,258.239990234375,225.77999877929688,145.4600067138672,46.09000015258789,1694.97998046875,569.0800170898438,756.47998046875,879.7999877929688,418.4500122070313,173.72000122070312,334.8399963378906,315.7099914550781,531.071533203125,312.0599975585937,236.02999877929688,1921.7099609375,305.67999267578125,450.239990234375,250.0962829589844,276.8699951171875,412.7195129394531,342.8500061035156,516.0999755859375,69.48181915283203,353.2900085449219,446.7699890136719,26.850000381469727,205.0,26.600000381469727,120.62000274658205,84.0,475.6199951171875,69.30999755859375,52.04999923706055,59.27999877929688,148.75999450683594,287.75,374.30999755859375,738.3099975585938
2026-06-01,185.6699981689453,458.1700134277344,261.260009765625,170.67999267578125,47.93999862670898,1628.5699462890625,38.16999816894531,414.1600036621094,426.5499877929688,362.8999938964844,124.81999969482422,121.33000183105467,465.9599914550781,400.0799865722656,148.00999450683594,622.3599853515625,950.5399780273438,79.93000030517578,176.6999969482422,376.1453247070313,47.0,109.33000183105467,65.33000183105469,359.9700012207031,495.842041015625,905.0,317.1199951171875,10.600000381469728,600.469970703125,288.5199890136719,1542.3900146484375,353.7900085449219,1035.5,264.510009765625,224.09881591796875,171.5500030517578,255.7100067138672,248.1499938964844,147.47999572753906,46.880001068115234,1761.4300537109375,571.9299926757812,758.5399780273438,921.260009765625,435.6300048828125,172.44000244140625,328.8500061035156,323.3900146484375,546.0576171875,306.3099975585937,226.1000061035156,1940.0400390625,293.20001220703125,460.5199890136719,228.14735412597656,268.04998779296875,401.5899963378906,320.0899963378906,510.1300048828125,72.6682357788086,408.8500061035156,459.9700012207031,28.549999237060547,219.42999267578125,24.86000061035156,120.91999816894533,81.91000366210938,492.2900085449219,69.0199966430664,55.9900016784668,52.95000076293945,146.33999633789062,265.70001220703125,369.4700012207031,742.739990234375
2026-06-02,202.3699951171875,490.0499877929688,256.5199890136719,175.3300018310547,47.86000061035156,1705.3699951171875,39.2599983215332,416.3900146484375,472.3999938964844,426.8900146484375,119.2699966430664,128.0,435.30999755859375,417.6199951171875,159.42999267578125,701.1099853515625,969.6699829101562,84.5999984741211,200.3999938964844,361.6340026855469,56.150001525878906,107.93000030517578,66.5999984741211,373.1600036621094,494.3467712402344,1029.1500244140625,334.4100036621094,10.5600004196167,597.6300048828125,306.8900146484375,1624.989990234375,382.3500061035156,1064.0999755859375,260.5799865722656,222.56060791015625,173.38999938964844,278.0199890136719,244.5800018310547,166.77999877929688,50.16999816894531,1716.3599853515625,605.02001953125,759.5700073242188,926.6099853515624,446.6900024414063,179.6199951171875,332.95001220703125,334.489990234375,562.9531860351562,315.20001220703125,229.0,2045.199951171875,308.1199951171875,441.30999755859375,239.9537353515625,301.2699890136719,423.2000122070313,355.760009765625,521.5399780273438,74.65599822998047,402.7099914550781,481.5700073242188,29.049999237060547,290.7900085449219,25.86000061035156,128.63999938964844,84.19000244140625,508.3500061035156,79.51000213623047,62.4900016784668,61.060001373291016,148.39999389648438,272.6499938964844,392.6199951171875,746.1599731445312
2026-06-03,184.07000732421875,500.7699890136719,250.0200042724609,174.3699951171875,44.709999084472656,1726.3599853515625,39.90999984741211,408.0,458.1400146484375,417.4299926757813,110.93000030517578,126.5,421.0799865722656,421.2099914550781,161.94000244140625,725.0,959.3599853515624,85.98999786376953,200.759994506836,358.77569580078125,55.150001525878906,112.70999908447266,65.4800033569336,379.0400085449219,505.9700317382813,938.0,343.7099914550781,9.979999542236328,622.97998046875,302.0299987792969,1689.8900146484375,390.3399963378906,1079.5699462890625,251.67999267578125,214.5,176.38999938964844,279.9800109863281,230.3300018310547,170.66000366210938,47.41999816894531,1831.5,615.6799926757812,754.239990234375,940.6900024414062,436.6900024414063,189.6000061035156,330.4800109863281,331.44000244140625,593.9551391601562,310.260009765625,214.6000061035156,2125.110107421875,308.5899963378906,427.3399963378906,249.08999633789065,306.57000732421875,437.6700134277344,363.5400085449219,542.52001953125,75.19999694824219,411.8299865722656,479.2300109863281,28.93000030517578,301.6499938964844,30.84000015258789,133.92999267578125,84.98999786376953,498.0199890136719,79.70999908447266,63.970001220703125,61.66999816894531,147.6199951171875,267.239990234375,409.6700134277344,744.2100219726562
2026-06-04,202.88999938964844,501.7000122070313,253.7899932861328,166.00999450683594,44.150001525878906,1757.469970703125,38.400001525878906,411.6799926757813,425.3599853515625,421.8999938964844,108.02999877929688,130.0,422.0499877929688,418.6099853515625,159.50999450683594,714.780029296875,963.3300170898438,84.69999694824219,197.6999969482422,371.96783447265625,53.68999862670898,111.77999877929688,61.86000061035156,373.8200073242188,507.4500122070313,945.0800170898438,336.4100036621094,9.899999618530272,627.5700073242188,301.2099914550781,1652.5999755859375,382.739990234375,996.0,259.6700134277344,218.6600036621093,173.8800048828125,274.760009765625,236.33999633789065,169.35000610351562,46.900001525878906,1759.6800537109375,602.719970703125,757.0900268554688,925.989990234375,444.9200134277344,184.83999633789065,306.1199951171875,323.9200134277344,575.3499755859375,311.2300109863281,217.5,2131.10009765625,305.3699951171875,428.0499877929688,242.57000732421875,294.6700134277344,428.760009765625,358.04998779296875,523.2000122070312,73.81999969482422,393.4400024414063,418.9100036621094,27.90999984741211,316.42999267578125,30.670000076293945,131.82000732421875,85.30000305175781,494.4800109863281,78.36000061035156,63.66999816894531,67.05999755859375,146.77000427246094,264.5899963378906,406.8599853515625,740.6099853515625
2026-06-05,177.0,453.010009765625,246.02999877929688,154.27000427246094,39.619998931884766,1641.739990234375,34.029998779296875,376.1900024414063,371.7099914550781,376.989990234375,100.38999938964844,121.63999938964844,394.3900146484375,395.9400024414063,151.9199981689453,621.25,933.6099853515624,75.52999877929688,177.5800018310547,368.30999755859375,49.20000076293945,99.16999816894533,54.34999847412109,353.239990234375,507.8999938964844,863.6599731445312,303.2799987792969,8.90999984741211,593.0,276.510009765625,1481.050048828125,345.3999938964844,864.010009765625,227.8099975585937,205.1000061035156,162.86000061035156,253.2400054931641,213.67999267578125,145.30999755859375,41.63999938964844,1559.3199462890625,539.77001953125,737.5499877929688,847.469970703125,415.1700134277344,167.6199951171875,271.0400085449219,300.510009765625,511.7200012207031,307.3399963378906,206.88999938964844,1929.199951171875,285.0599975585937,416.6700134277344,215.94000244140625,258.70001220703125,401.3900146484375,317.0599975585937,466.3800048828125,64.94999694824219,342.92999267578125,385.7300109863281,25.850000381469727,263.4700012207031,25.07999992370605,117.26000213623048,77.0199966430664,464.8500061035156,70.72000122070312,57.20000076293945,55.060001373291016,138.80999755859375,254.8300018310547,357.92999267578125,705.0599975585938
2026-06-08,196.63999938964844,492.1700134277344,245.22000122070312,156.39999389648438,40.94499969482422,1749.0400390625,35.52000045776367,394.239990234375,386.5,401.9299926757813,102.37000274658205,124.1500015258789,400.7699890136719,403.1400146484375,150.8300018310547,623.7100219726562,933.8499755859376,77.30999755859375,187.5399932861328,363.30999755859375,49.869998931884766,110.2699966430664,59.18999862670898,363.9500122070313,501.9200134277344,895.4000244140625,324.45001220703125,9.010000228881836,585.3900146484375,275.2300109863281,1559.1800537109375,361.8599853515625,949.280029296875,218.0,208.63999938964844,163.80999755859375,268.989990234375,211.82000732421875,152.02999877929688,43.9900016784668,1642.0,571.4500122070312,739.219970703125,876.77001953125,426.7999877929688,178.3800048828125,274.9700012207031,300.57000732421875,526.9299926757812,301.5400085449219,222.2700042724609,2108.06005859375,290.8999938964844,411.739990234375,217.7700042724609,263.2099914550781,403.8900146484375,346.3299865722656,490.3299865722656,68.29000091552734,346.3900146484375,396.6000061035156,27.14999961853028,288.8500061035156,24.479999542236328,120.9000015258789,76.68000030517578,473.4800109863281,75.01000213623047,57.220001220703125,55.41999816894531,143.60000610351562,250.6699981689453,374.6900024414063,716.0700073242188
2026-06-09,162.8800048828125,499.2099914550781,244.19000244140625,152.16000366210938,41.90999984741211,1777.77001953125,35.08000183105469,390.8999938964844,371.8599853515625,355.94000244140625,98.4499969482422,120.36000061035156,381.7799987792969,401.7200012207031,147.2100067138672,586.0,920.1500244140624,75.26000213623047,173.94000244140625,364.260009765625,48.27000045776367,107.91999816894533,54.02000045776367,362.3800048828125,515.5900268554688,821.760009765625,327.1600036621094,8.470000267028809,584.5900268554688,278.17999267578125,1531.97998046875,358.7200012207031,935.8900146484376,220.1199951171875,208.19000244140625,163.8000030517578,274.0299987792969,205.8099975585937,146.83999633789062,40.63999938964844,1646.5400390625,562.1400146484375,737.0499877929688,846.010009765625,427.9200134277344,173.86000061035156,283.4800109863281,289.5199890136719,517.719970703125,290.54998779296875,234.32000732421875,2139.3701171875,288.6300048828125,403.4100036621094,205.4199981689453,259.75,,,,,,,,,,,,,,,,,,,
